id	kind	reference	status	issue	source_manifest	schema_evidence	values_evidence	relations_evidence	runtime_evidence	notes
assets:maps	map-artifacts	c699217775d90794158422387b07a917e161b582:src/tools	unassessed	-	-	-	-	-	-	Pin source archives, extractor/tool commit, map build/version, tile inventory, and output hashes.
assets:mmaps	map-artifacts	c699217775d90794158422387b07a917e161b582:src/tools	unassessed	-	-	-	-	-	-	Pin map/VMAP inputs, generator settings/tool commit, tile inventory, and output hashes.
assets:vmaps	map-artifacts	c699217775d90794158422387b07a917e161b582:src/tools	unassessed	-	-	-	-	-	-	Pin VMAP extraction/assembly inputs, tool commit, geometry inventory, and output hashes.
client:Achievement.dbc	dbc	c699217775d90794158422387b07a917e161b582:src/server/game/DataStores/DBCStores.cpp#Achievement.dbc	unassessed	-	-	-	-	-	-	Reference inventory only; AC schema, records, relations, and runtime parity unverified.
client:Achievement_Criteria.dbc	dbc	c699217775d90794158422387b07a917e161b582:src/server/game/DataStores/DBCStores.cpp#Achievement_Criteria.dbc	unassessed	-	-	-	-	-	-	Reference inventory only; AC schema, records, relations, and runtime parity unverified.
client:AnimKit.dbc	dbc	c699217775d90794158422387b07a917e161b582:src/server/game/DataStores/DBCStores.cpp#AnimKit.dbc	unassessed	-	-	-	-	-	-	Reference inventory only; AC schema, records, relations, and runtime parity unverified.
client:AreaGroup.dbc	dbc	c699217775d90794158422387b07a917e161b582:src/server/game/DataStores/DBCStores.cpp#AreaGroup.dbc	unassessed	-	-	-	-	-	-	Reference inventory only; AC schema, records, relations, and runtime parity unverified.
client:AreaPOI.dbc	dbc	c699217775d90794158422387b07a917e161b582:src/server/game/DataStores/DBCStores.cpp#AreaPOI.dbc	unassessed	-	-	-	-	-	-	Reference inventory only; AC schema, records, relations, and runtime parity unverified.
client:AreaTable.dbc	dbc	c699217775d90794158422387b07a917e161b582:src/server/game/DataStores/DBCStores.cpp#AreaTable.dbc	unassessed	-	-	-	-	-	-	Reference inventory only; AC schema, records, relations, and runtime parity unverified.
client:AreaTrigger.dbc	dbc	c699217775d90794158422387b07a917e161b582:src/server/game/DataStores/DBCStores.cpp#AreaTrigger.dbc	unassessed	-	-	-	-	-	-	Reference inventory only; AC schema, records, relations, and runtime parity unverified.
client:ArmorLocation.dbc	dbc	c699217775d90794158422387b07a917e161b582:src/server/game/DataStores/DBCStores.cpp#ArmorLocation.dbc	unassessed	-	-	-	-	-	-	Reference inventory only; AC schema, records, relations, and runtime parity unverified.
client:AuctionHouse.dbc	dbc	c699217775d90794158422387b07a917e161b582:src/server/game/DataStores/DBCStores.cpp#AuctionHouse.dbc	unassessed	-	-	-	-	-	-	Reference inventory only; AC schema, records, relations, and runtime parity unverified.
client:BankBagSlotPrices.dbc	dbc	c699217775d90794158422387b07a917e161b582:src/server/game/DataStores/DBCStores.cpp#BankBagSlotPrices.dbc	unassessed	-	-	-	-	-	-	Reference inventory only; AC schema, records, relations, and runtime parity unverified.
client:BannedAddOns.dbc	dbc	c699217775d90794158422387b07a917e161b582:src/server/game/DataStores/DBCStores.cpp#BannedAddOns.dbc	unassessed	-	-	-	-	-	-	Reference inventory only; AC schema, records, relations, and runtime parity unverified.
client:BarberShopStyle.dbc	dbc	c699217775d90794158422387b07a917e161b582:src/server/game/DataStores/DBCStores.cpp#BarberShopStyle.dbc	unassessed	-	-	-	-	-	-	Reference inventory only; AC schema, records, relations, and runtime parity unverified.
client:BattlemasterList.dbc	dbc	c699217775d90794158422387b07a917e161b582:src/server/game/DataStores/DBCStores.cpp#BattlemasterList.dbc	unassessed	-	-	-	-	-	-	Reference inventory only; AC schema, records, relations, and runtime parity unverified.
client:CharSections.dbc	dbc	c699217775d90794158422387b07a917e161b582:src/server/game/DataStores/DBCStores.cpp#CharSections.dbc	unassessed	-	-	-	-	-	-	Reference inventory only; AC schema, records, relations, and runtime parity unverified.
client:CharStartOutfit.dbc	dbc	c699217775d90794158422387b07a917e161b582:src/server/game/DataStores/DBCStores.cpp#CharStartOutfit.dbc	blocked	#57	-	-	apps/cata/fixtures/plan22-starting-data-audit.json	-	-	Blocked by #57: selected Cata starting profile differs from current server inputs; full loader/value/runtime parity unverified.
client:CharTitles.dbc	dbc	c699217775d90794158422387b07a917e161b582:src/server/game/DataStores/DBCStores.cpp#CharTitles.dbc	unassessed	-	-	-	-	-	-	Reference inventory only; AC schema, records, relations, and runtime parity unverified.
client:ChatChannels.dbc	dbc	c699217775d90794158422387b07a917e161b582:src/server/game/DataStores/DBCStores.cpp#ChatChannels.dbc	unassessed	-	-	-	-	-	-	Reference inventory only; AC schema, records, relations, and runtime parity unverified.
client:ChrClasses.dbc	dbc	c699217775d90794158422387b07a917e161b582:src/server/game/DataStores/DBCStores.cpp#ChrClasses.dbc	unassessed	-	-	-	-	-	-	Reference inventory only; AC schema, records, relations, and runtime parity unverified.
client:ChrClassesXPowerTypes.dbc	dbc	c699217775d90794158422387b07a917e161b582:src/server/game/DataStores/DBCStores.cpp#ChrClassesXPowerTypes.dbc	unassessed	-	-	-	-	-	-	Reference inventory only; AC schema, records, relations, and runtime parity unverified.
client:ChrRaces.dbc	dbc	c699217775d90794158422387b07a917e161b582:src/server/game/DataStores/DBCStores.cpp#ChrRaces.dbc	unassessed	-	-	-	-	-	-	Reference inventory only; AC schema, records, relations, and runtime parity unverified.
client:CinematicCamera.dbc	dbc	c699217775d90794158422387b07a917e161b582:src/server/game/DataStores/DBCStores.cpp#CinematicCamera.dbc	unassessed	-	-	-	-	-	-	Reference inventory only; AC schema, records, relations, and runtime parity unverified.
client:CinematicSequences.dbc	dbc	c699217775d90794158422387b07a917e161b582:src/server/game/DataStores/DBCStores.cpp#CinematicSequences.dbc	unassessed	-	-	-	-	-	-	Reference inventory only; AC schema, records, relations, and runtime parity unverified.
client:CreatureDisplayInfo.dbc	dbc	c699217775d90794158422387b07a917e161b582:src/server/game/DataStores/DBCStores.cpp#CreatureDisplayInfo.dbc	unassessed	-	-	-	-	-	-	Reference inventory only; AC schema, records, relations, and runtime parity unverified.
client:CreatureDisplayInfoExtra.dbc	dbc	c699217775d90794158422387b07a917e161b582:src/server/game/DataStores/DBCStores.cpp#CreatureDisplayInfoExtra.dbc	unassessed	-	-	-	-	-	-	Reference inventory only; AC schema, records, relations, and runtime parity unverified.
client:CreatureFamily.dbc	dbc	c699217775d90794158422387b07a917e161b582:src/server/game/DataStores/DBCStores.cpp#CreatureFamily.dbc	unassessed	-	-	-	-	-	-	Reference inventory only; AC schema, records, relations, and runtime parity unverified.
client:CreatureModelData.dbc	dbc	c699217775d90794158422387b07a917e161b582:src/server/game/DataStores/DBCStores.cpp#CreatureModelData.dbc	unassessed	-	-	-	-	-	-	Reference inventory only; AC schema, records, relations, and runtime parity unverified.
client:CreatureSpellData.dbc	dbc	c699217775d90794158422387b07a917e161b582:src/server/game/DataStores/DBCStores.cpp#CreatureSpellData.dbc	unassessed	-	-	-	-	-	-	Reference inventory only; AC schema, records, relations, and runtime parity unverified.
client:CreatureType.dbc	dbc	c699217775d90794158422387b07a917e161b582:src/server/game/DataStores/DBCStores.cpp#CreatureType.dbc	unassessed	-	-	-	-	-	-	Reference inventory only; AC schema, records, relations, and runtime parity unverified.
client:CurrencyTypes.dbc	dbc	c699217775d90794158422387b07a917e161b582:src/server/game/DataStores/DBCStores.cpp#CurrencyTypes.dbc	unassessed	-	-	-	-	-	-	Reference inventory only; AC schema, records, relations, and runtime parity unverified.
client:DestructibleModelData.dbc	dbc	c699217775d90794158422387b07a917e161b582:src/server/game/DataStores/DBCStores.cpp#DestructibleModelData.dbc	unassessed	-	-	-	-	-	-	Reference inventory only; AC schema, records, relations, and runtime parity unverified.
client:DungeonEncounter.dbc	dbc	c699217775d90794158422387b07a917e161b582:src/server/game/DataStores/DBCStores.cpp#DungeonEncounter.dbc	unassessed	-	-	-	-	-	-	Reference inventory only; AC schema, records, relations, and runtime parity unverified.
client:DurabilityCosts.dbc	dbc	c699217775d90794158422387b07a917e161b582:src/server/game/DataStores/DBCStores.cpp#DurabilityCosts.dbc	unassessed	-	-	-	-	-	-	Reference inventory only; AC schema, records, relations, and runtime parity unverified.
client:DurabilityQuality.dbc	dbc	c699217775d90794158422387b07a917e161b582:src/server/game/DataStores/DBCStores.cpp#DurabilityQuality.dbc	unassessed	-	-	-	-	-	-	Reference inventory only; AC schema, records, relations, and runtime parity unverified.
client:Emotes.dbc	dbc	c699217775d90794158422387b07a917e161b582:src/server/game/DataStores/DBCStores.cpp#Emotes.dbc	unassessed	-	-	-	-	-	-	Reference inventory only; AC schema, records, relations, and runtime parity unverified.
client:EmotesText.dbc	dbc	c699217775d90794158422387b07a917e161b582:src/server/game/DataStores/DBCStores.cpp#EmotesText.dbc	unassessed	-	-	-	-	-	-	Reference inventory only; AC schema, records, relations, and runtime parity unverified.
client:EmotesTextSound.dbc	dbc	c699217775d90794158422387b07a917e161b582:src/server/game/DataStores/DBCStores.cpp#EmotesTextSound.dbc	unassessed	-	-	-	-	-	-	Reference inventory only; AC schema, records, relations, and runtime parity unverified.
client:Faction.dbc	dbc	c699217775d90794158422387b07a917e161b582:src/server/game/DataStores/DBCStores.cpp#Faction.dbc	unassessed	-	-	-	-	-	-	Reference inventory only; AC schema, records, relations, and runtime parity unverified.
client:FactionTemplate.dbc	dbc	c699217775d90794158422387b07a917e161b582:src/server/game/DataStores/DBCStores.cpp#FactionTemplate.dbc	unassessed	-	-	-	-	-	-	Reference inventory only; AC schema, records, relations, and runtime parity unverified.
client:GameObjectArtKit.dbc	dbc	c699217775d90794158422387b07a917e161b582:src/server/game/DataStores/DBCStores.cpp#GameObjectArtKit.dbc	unassessed	-	-	-	-	-	-	Reference inventory only; AC schema, records, relations, and runtime parity unverified.
client:GameObjectDisplayInfo.dbc	dbc	c699217775d90794158422387b07a917e161b582:src/server/game/DataStores/DBCStores.cpp#GameObjectDisplayInfo.dbc	unassessed	-	-	-	-	-	-	Reference inventory only; AC schema, records, relations, and runtime parity unverified.
client:GemProperties.dbc	dbc	c699217775d90794158422387b07a917e161b582:src/server/game/DataStores/DBCStores.cpp#GemProperties.dbc	unassessed	-	-	-	-	-	-	Reference inventory only; AC schema, records, relations, and runtime parity unverified.
client:GlyphProperties.dbc	dbc	c699217775d90794158422387b07a917e161b582:src/server/game/DataStores/DBCStores.cpp#GlyphProperties.dbc	unassessed	-	-	-	-	-	-	Reference inventory only; AC schema, records, relations, and runtime parity unverified.
client:GlyphSlot.dbc	dbc	c699217775d90794158422387b07a917e161b582:src/server/game/DataStores/DBCStores.cpp#GlyphSlot.dbc	unassessed	-	-	-	-	-	-	Reference inventory only; AC schema, records, relations, and runtime parity unverified.
client:GuildPerkSpells.dbc	dbc	c699217775d90794158422387b07a917e161b582:src/server/game/DataStores/DBCStores.cpp#GuildPerkSpells.dbc	unassessed	-	-	-	-	-	-	Reference inventory only; AC schema, records, relations, and runtime parity unverified.
client:Holidays.dbc	dbc	c699217775d90794158422387b07a917e161b582:src/server/game/DataStores/DBCStores.cpp#Holidays.dbc	unassessed	-	-	-	-	-	-	Reference inventory only; AC schema, records, relations, and runtime parity unverified.
client:ImportPriceArmor.dbc	dbc	c699217775d90794158422387b07a917e161b582:src/server/game/DataStores/DBCStores.cpp#ImportPriceArmor.dbc	unassessed	-	-	-	-	-	-	Reference inventory only; AC schema, records, relations, and runtime parity unverified.
client:ImportPriceQuality.dbc	dbc	c699217775d90794158422387b07a917e161b582:src/server/game/DataStores/DBCStores.cpp#ImportPriceQuality.dbc	unassessed	-	-	-	-	-	-	Reference inventory only; AC schema, records, relations, and runtime parity unverified.
client:ImportPriceShield.dbc	dbc	c699217775d90794158422387b07a917e161b582:src/server/game/DataStores/DBCStores.cpp#ImportPriceShield.dbc	unassessed	-	-	-	-	-	-	Reference inventory only; AC schema, records, relations, and runtime parity unverified.
client:ImportPriceWeapon.dbc	dbc	c699217775d90794158422387b07a917e161b582:src/server/game/DataStores/DBCStores.cpp#ImportPriceWeapon.dbc	unassessed	-	-	-	-	-	-	Reference inventory only; AC schema, records, relations, and runtime parity unverified.
client:Item.db2	db2	c699217775d90794158422387b07a917e161b582:src/server/game/DataStores/DB2Stores.cpp#Item.db2	unassessed	-	-	-	-	-	-	Reference inventory only; AC schema, records, relations, and runtime parity unverified.
client:ItemArmorQuality.dbc	dbc	c699217775d90794158422387b07a917e161b582:src/server/game/DataStores/DBCStores.cpp#ItemArmorQuality.dbc	unassessed	-	-	-	-	-	-	Reference inventory only; AC schema, records, relations, and runtime parity unverified.
client:ItemArmorShield.dbc	dbc	c699217775d90794158422387b07a917e161b582:src/server/game/DataStores/DBCStores.cpp#ItemArmorShield.dbc	unassessed	-	-	-	-	-	-	Reference inventory only; AC schema, records, relations, and runtime parity unverified.
client:ItemArmorTotal.dbc	dbc	c699217775d90794158422387b07a917e161b582:src/server/game/DataStores/DBCStores.cpp#ItemArmorTotal.dbc	unassessed	-	-	-	-	-	-	Reference inventory only; AC schema, records, relations, and runtime parity unverified.
client:ItemBagFamily.dbc	dbc	c699217775d90794158422387b07a917e161b582:src/server/game/DataStores/DBCStores.cpp#ItemBagFamily.dbc	unassessed	-	-	-	-	-	-	Reference inventory only; AC schema, records, relations, and runtime parity unverified.
client:ItemClass.dbc	dbc	c699217775d90794158422387b07a917e161b582:src/server/game/DataStores/DBCStores.cpp#ItemClass.dbc	unassessed	-	-	-	-	-	-	Reference inventory only; AC schema, records, relations, and runtime parity unverified.
client:ItemCurrencyCost.db2	db2	c699217775d90794158422387b07a917e161b582:src/server/game/DataStores/DB2Stores.cpp#ItemCurrencyCost.db2	unassessed	-	-	-	-	-	-	Reference inventory only; AC schema, records, relations, and runtime parity unverified.
client:ItemDamageAmmo.dbc	dbc	c699217775d90794158422387b07a917e161b582:src/server/game/DataStores/DBCStores.cpp#ItemDamageAmmo.dbc	unassessed	-	-	-	-	-	-	Reference inventory only; AC schema, records, relations, and runtime parity unverified.
client:ItemDamageOneHand.dbc	dbc	c699217775d90794158422387b07a917e161b582:src/server/game/DataStores/DBCStores.cpp#ItemDamageOneHand.dbc	unassessed	-	-	-	-	-	-	Reference inventory only; AC schema, records, relations, and runtime parity unverified.
client:ItemDamageOneHandCaster.dbc	dbc	c699217775d90794158422387b07a917e161b582:src/server/game/DataStores/DBCStores.cpp#ItemDamageOneHandCaster.dbc	unassessed	-	-	-	-	-	-	Reference inventory only; AC schema, records, relations, and runtime parity unverified.
client:ItemDamageRanged.dbc	dbc	c699217775d90794158422387b07a917e161b582:src/server/game/DataStores/DBCStores.cpp#ItemDamageRanged.dbc	unassessed	-	-	-	-	-	-	Reference inventory only; AC schema, records, relations, and runtime parity unverified.
client:ItemDamageThrown.dbc	dbc	c699217775d90794158422387b07a917e161b582:src/server/game/DataStores/DBCStores.cpp#ItemDamageThrown.dbc	unassessed	-	-	-	-	-	-	Reference inventory only; AC schema, records, relations, and runtime parity unverified.
client:ItemDamageTwoHand.dbc	dbc	c699217775d90794158422387b07a917e161b582:src/server/game/DataStores/DBCStores.cpp#ItemDamageTwoHand.dbc	unassessed	-	-	-	-	-	-	Reference inventory only; AC schema, records, relations, and runtime parity unverified.
client:ItemDamageTwoHandCaster.dbc	dbc	c699217775d90794158422387b07a917e161b582:src/server/game/DataStores/DBCStores.cpp#ItemDamageTwoHandCaster.dbc	unassessed	-	-	-	-	-	-	Reference inventory only; AC schema, records, relations, and runtime parity unverified.
client:ItemDamageWand.dbc	dbc	c699217775d90794158422387b07a917e161b582:src/server/game/DataStores/DBCStores.cpp#ItemDamageWand.dbc	unassessed	-	-	-	-	-	-	Reference inventory only; AC schema, records, relations, and runtime parity unverified.
client:ItemDisenchantLoot.dbc	dbc	c699217775d90794158422387b07a917e161b582:src/server/game/DataStores/DBCStores.cpp#ItemDisenchantLoot.dbc	unassessed	-	-	-	-	-	-	Reference inventory only; AC schema, records, relations, and runtime parity unverified.
client:ItemExtendedCost.db2	db2	c699217775d90794158422387b07a917e161b582:src/server/game/DataStores/DB2Stores.cpp#ItemExtendedCost.db2	unassessed	-	-	-	-	-	-	Reference inventory only; AC schema, records, relations, and runtime parity unverified.
client:ItemLimitCategory.dbc	dbc	c699217775d90794158422387b07a917e161b582:src/server/game/DataStores/DBCStores.cpp#ItemLimitCategory.dbc	unassessed	-	-	-	-	-	-	Reference inventory only; AC schema, records, relations, and runtime parity unverified.
client:ItemPriceBase.dbc	dbc	c699217775d90794158422387b07a917e161b582:src/server/game/DataStores/DBCStores.cpp#ItemPriceBase.dbc	unassessed	-	-	-	-	-	-	Reference inventory only; AC schema, records, relations, and runtime parity unverified.
client:ItemRandomProperties.dbc	dbc	c699217775d90794158422387b07a917e161b582:src/server/game/DataStores/DBCStores.cpp#ItemRandomProperties.dbc	unassessed	-	-	-	-	-	-	Reference inventory only; AC schema, records, relations, and runtime parity unverified.
client:ItemRandomSuffix.dbc	dbc	c699217775d90794158422387b07a917e161b582:src/server/game/DataStores/DBCStores.cpp#ItemRandomSuffix.dbc	unassessed	-	-	-	-	-	-	Reference inventory only; AC schema, records, relations, and runtime parity unverified.
client:ItemReforge.dbc	dbc	c699217775d90794158422387b07a917e161b582:src/server/game/DataStores/DBCStores.cpp#ItemReforge.dbc	unassessed	-	-	-	-	-	-	Reference inventory only; AC schema, records, relations, and runtime parity unverified.
client:ItemSet.dbc	dbc	c699217775d90794158422387b07a917e161b582:src/server/game/DataStores/DBCStores.cpp#ItemSet.dbc	unassessed	-	-	-	-	-	-	Reference inventory only; AC schema, records, relations, and runtime parity unverified.
client:KeyChain.db2	db2	c699217775d90794158422387b07a917e161b582:src/server/game/DataStores/DB2Stores.cpp#KeyChain.db2	unassessed	-	-	-	-	-	-	Reference inventory only; AC schema, records, relations, and runtime parity unverified.
client:LFGDungeons.dbc	dbc	c699217775d90794158422387b07a917e161b582:src/server/game/DataStores/DBCStores.cpp#LFGDungeons.dbc	unassessed	-	-	-	-	-	-	Reference inventory only; AC schema, records, relations, and runtime parity unverified.
client:LFGDungeonsGroupingmap.dbc	dbc	c699217775d90794158422387b07a917e161b582:src/server/game/DataStores/DBCStores.cpp#LFGDungeonsGroupingmap.dbc	unassessed	-	-	-	-	-	-	Reference inventory only; AC schema, records, relations, and runtime parity unverified.
client:Light.dbc	dbc	c699217775d90794158422387b07a917e161b582:src/server/game/DataStores/DBCStores.cpp#Light.dbc	unassessed	-	-	-	-	-	-	Reference inventory only; AC schema, records, relations, and runtime parity unverified.
client:LiquidType.dbc	dbc	c699217775d90794158422387b07a917e161b582:src/server/game/DataStores/DBCStores.cpp#LiquidType.dbc	unassessed	-	-	-	-	-	-	Reference inventory only; AC schema, records, relations, and runtime parity unverified.
client:Lock.dbc	dbc	c699217775d90794158422387b07a917e161b582:src/server/game/DataStores/DBCStores.cpp#Lock.dbc	unassessed	-	-	-	-	-	-	Reference inventory only; AC schema, records, relations, and runtime parity unverified.
client:MailTemplate.dbc	dbc	c699217775d90794158422387b07a917e161b582:src/server/game/DataStores/DBCStores.cpp#MailTemplate.dbc	unassessed	-	-	-	-	-	-	Reference inventory only; AC schema, records, relations, and runtime parity unverified.
client:Map.dbc	dbc	c699217775d90794158422387b07a917e161b582:src/server/game/DataStores/DBCStores.cpp#Map.dbc	unassessed	-	-	-	-	-	-	Reference inventory only; AC schema, records, relations, and runtime parity unverified.
client:MapDifficulty.dbc	dbc	c699217775d90794158422387b07a917e161b582:src/server/game/DataStores/DBCStores.cpp#MapDifficulty.dbc	unassessed	-	-	-	-	-	-	Reference inventory only; AC schema, records, relations, and runtime parity unverified.
client:MountCapability.dbc	dbc	c699217775d90794158422387b07a917e161b582:src/server/game/DataStores/DBCStores.cpp#MountCapability.dbc	unassessed	-	-	-	-	-	-	Reference inventory only; AC schema, records, relations, and runtime parity unverified.
client:MountType.dbc	dbc	c699217775d90794158422387b07a917e161b582:src/server/game/DataStores/DBCStores.cpp#MountType.dbc	unassessed	-	-	-	-	-	-	Reference inventory only; AC schema, records, relations, and runtime parity unverified.
client:Movie.dbc	dbc	c699217775d90794158422387b07a917e161b582:src/server/game/DataStores/DBCStores.cpp#Movie.dbc	unassessed	-	-	-	-	-	-	Reference inventory only; AC schema, records, relations, and runtime parity unverified.
client:NameGen.dbc	dbc	c699217775d90794158422387b07a917e161b582:src/server/game/DataStores/DBCStores.cpp#NameGen.dbc	unassessed	-	-	-	-	-	-	Reference inventory only; AC schema, records, relations, and runtime parity unverified.
client:NamesProfanity.dbc	dbc	c699217775d90794158422387b07a917e161b582:src/server/game/DataStores/DBCStores.cpp#NamesProfanity.dbc	unassessed	-	-	-	-	-	-	Reference inventory only; AC schema, records, relations, and runtime parity unverified.
client:NamesReserved.dbc	dbc	c699217775d90794158422387b07a917e161b582:src/server/game/DataStores/DBCStores.cpp#NamesReserved.dbc	unassessed	-	-	-	-	-	-	Reference inventory only; AC schema, records, relations, and runtime parity unverified.
client:NumTalentsAtLevel.dbc	dbc	c699217775d90794158422387b07a917e161b582:src/server/game/DataStores/DBCStores.cpp#NumTalentsAtLevel.dbc	unassessed	-	-	-	-	-	-	Reference inventory only; AC schema, records, relations, and runtime parity unverified.
client:OverrideSpellData.dbc	dbc	c699217775d90794158422387b07a917e161b582:src/server/game/DataStores/DBCStores.cpp#OverrideSpellData.dbc	unassessed	-	-	-	-	-	-	Reference inventory only; AC schema, records, relations, and runtime parity unverified.
client:Phase.dbc	dbc	c699217775d90794158422387b07a917e161b582:src/server/game/DataStores/DBCStores.cpp#Phase.dbc	unassessed	-	-	-	-	-	-	Reference inventory only; AC schema, records, relations, and runtime parity unverified.
client:PhaseXPhaseGroup.dbc	dbc	c699217775d90794158422387b07a917e161b582:src/server/game/DataStores/DBCStores.cpp#PhaseXPhaseGroup.dbc	unassessed	-	-	-	-	-	-	Reference inventory only; AC schema, records, relations, and runtime parity unverified.
client:PlayerCondition.dbc	dbc	c699217775d90794158422387b07a917e161b582:src/server/game/DataStores/DBCStores.cpp#PlayerCondition.dbc	unassessed	-	-	-	-	-	-	Reference inventory only; AC schema, records, relations, and runtime parity unverified.
client:PowerDisplay.dbc	dbc	c699217775d90794158422387b07a917e161b582:src/server/game/DataStores/DBCStores.cpp#PowerDisplay.dbc	unassessed	-	-	-	-	-	-	Reference inventory only; AC schema, records, relations, and runtime parity unverified.
client:PvpDifficulty.dbc	dbc	c699217775d90794158422387b07a917e161b582:src/server/game/DataStores/DBCStores.cpp#PvpDifficulty.dbc	unassessed	-	-	-	-	-	-	Reference inventory only; AC schema, records, relations, and runtime parity unverified.
client:QuestFactionReward.dbc	dbc	c699217775d90794158422387b07a917e161b582:src/server/game/DataStores/DBCStores.cpp#QuestFactionReward.dbc	unassessed	-	-	-	-	-	-	Reference inventory only; AC schema, records, relations, and runtime parity unverified.
client:QuestPOIBlob.dbc	dbc	c699217775d90794158422387b07a917e161b582:src/server/game/DataStores/DBCStores.cpp#QuestPOIBlob.dbc	unassessed	-	-	-	-	-	-	Reference inventory only; AC schema, records, relations, and runtime parity unverified.
client:QuestPOIPoint.dbc	dbc	c699217775d90794158422387b07a917e161b582:src/server/game/DataStores/DBCStores.cpp#QuestPOIPoint.dbc	unassessed	-	-	-	-	-	-	Reference inventory only; AC schema, records, relations, and runtime parity unverified.
client:QuestSort.dbc	dbc	c699217775d90794158422387b07a917e161b582:src/server/game/DataStores/DBCStores.cpp#QuestSort.dbc	unassessed	-	-	-	-	-	-	Reference inventory only; AC schema, records, relations, and runtime parity unverified.
client:QuestXP.dbc	dbc	c699217775d90794158422387b07a917e161b582:src/server/game/DataStores/DBCStores.cpp#QuestXP.dbc	unassessed	-	-	-	-	-	-	Reference inventory only; AC schema, records, relations, and runtime parity unverified.
client:RandPropPoints.dbc	dbc	c699217775d90794158422387b07a917e161b582:src/server/game/DataStores/DBCStores.cpp#RandPropPoints.dbc	unassessed	-	-	-	-	-	-	Reference inventory only; AC schema, records, relations, and runtime parity unverified.
client:ResearchBranch.dbc	dbc	c699217775d90794158422387b07a917e161b582:src/server/game/DataStores/DBCStores.cpp#ResearchBranch.dbc	unassessed	-	-	-	-	-	-	Reference inventory only; AC schema, records, relations, and runtime parity unverified.
client:ResearchField.dbc	dbc	c699217775d90794158422387b07a917e161b582:src/server/game/DataStores/DBCStores.cpp#ResearchField.dbc	unassessed	-	-	-	-	-	-	Reference inventory only; AC schema, records, relations, and runtime parity unverified.
client:ResearchProject.dbc	dbc	c699217775d90794158422387b07a917e161b582:src/server/game/DataStores/DBCStores.cpp#ResearchProject.dbc	unassessed	-	-	-	-	-	-	Reference inventory only; AC schema, records, relations, and runtime parity unverified.
client:ResearchSite.dbc	dbc	c699217775d90794158422387b07a917e161b582:src/server/game/DataStores/DBCStores.cpp#ResearchSite.dbc	unassessed	-	-	-	-	-	-	Reference inventory only; AC schema, records, relations, and runtime parity unverified.
client:ScalingStatDistribution.dbc	dbc	c699217775d90794158422387b07a917e161b582:src/server/game/DataStores/DBCStores.cpp#ScalingStatDistribution.dbc	unassessed	-	-	-	-	-	-	Reference inventory only; AC schema, records, relations, and runtime parity unverified.
client:ScalingStatValues.dbc	dbc	c699217775d90794158422387b07a917e161b582:src/server/game/DataStores/DBCStores.cpp#ScalingStatValues.dbc	unassessed	-	-	-	-	-	-	Reference inventory only; AC schema, records, relations, and runtime parity unverified.
client:SkillLine.dbc	dbc	c699217775d90794158422387b07a917e161b582:src/server/game/DataStores/DBCStores.cpp#SkillLine.dbc	unassessed	-	-	-	-	-	-	Reference inventory only; AC schema, records, relations, and runtime parity unverified.
client:SkillLineAbility.dbc	dbc	c699217775d90794158422387b07a917e161b582:src/server/game/DataStores/DBCStores.cpp#SkillLineAbility.dbc	unassessed	-	-	-	-	-	-	Reference inventory only; AC schema, records, relations, and runtime parity unverified.
client:SkillRaceClassInfo.dbc	dbc	c699217775d90794158422387b07a917e161b582:src/server/game/DataStores/DBCStores.cpp#SkillRaceClassInfo.dbc	unassessed	#57	-	-	-	-	-	Reference inventory only; AC schema, records, relations, and runtime parity unverified.
client:SkillTiers.dbc	dbc	c699217775d90794158422387b07a917e161b582:src/server/game/DataStores/DBCStores.cpp#SkillTiers.dbc	unassessed	-	-	-	-	-	-	Reference inventory only; AC schema, records, relations, and runtime parity unverified.
client:SoundEntries.dbc	dbc	c699217775d90794158422387b07a917e161b582:src/server/game/DataStores/DBCStores.cpp#SoundEntries.dbc	unassessed	-	-	-	-	-	-	Reference inventory only; AC schema, records, relations, and runtime parity unverified.
client:Spell.dbc	dbc	c699217775d90794158422387b07a917e161b582:src/server/game/DataStores/DBCStores.cpp#Spell.dbc	blocked	#57	-	-	apps/cata/fixtures/plan22-starting-data-audit.json	-	-	Blocked by #57: selected Cata starting profile differs from current server inputs; full loader/value/runtime parity unverified.
client:SpellAuraOptions.dbc	dbc	c699217775d90794158422387b07a917e161b582:src/server/game/DataStores/DBCStores.cpp#SpellAuraOptions.dbc	unassessed	-	-	-	-	-	-	Reference inventory only; AC schema, records, relations, and runtime parity unverified.
client:SpellAuraRestrictions.dbc	dbc	c699217775d90794158422387b07a917e161b582:src/server/game/DataStores/DBCStores.cpp#SpellAuraRestrictions.dbc	unassessed	-	-	-	-	-	-	Reference inventory only; AC schema, records, relations, and runtime parity unverified.
client:SpellCastTimes.dbc	dbc	c699217775d90794158422387b07a917e161b582:src/server/game/DataStores/DBCStores.cpp#SpellCastTimes.dbc	unassessed	-	-	-	-	-	-	Reference inventory only; AC schema, records, relations, and runtime parity unverified.
client:SpellCastingRequirements.dbc	dbc	c699217775d90794158422387b07a917e161b582:src/server/game/DataStores/DBCStores.cpp#SpellCastingRequirements.dbc	unassessed	-	-	-	-	-	-	Reference inventory only; AC schema, records, relations, and runtime parity unverified.
client:SpellCategories.dbc	dbc	c699217775d90794158422387b07a917e161b582:src/server/game/DataStores/DBCStores.cpp#SpellCategories.dbc	unassessed	-	-	-	-	-	-	Reference inventory only; AC schema, records, relations, and runtime parity unverified.
client:SpellCategory.dbc	dbc	c699217775d90794158422387b07a917e161b582:src/server/game/DataStores/DBCStores.cpp#SpellCategory.dbc	unassessed	-	-	-	-	-	-	Reference inventory only; AC schema, records, relations, and runtime parity unverified.
client:SpellClassOptions.dbc	dbc	c699217775d90794158422387b07a917e161b582:src/server/game/DataStores/DBCStores.cpp#SpellClassOptions.dbc	unassessed	-	-	-	-	-	-	Reference inventory only; AC schema, records, relations, and runtime parity unverified.
client:SpellCooldowns.dbc	dbc	c699217775d90794158422387b07a917e161b582:src/server/game/DataStores/DBCStores.cpp#SpellCooldowns.dbc	unassessed	-	-	-	-	-	-	Reference inventory only; AC schema, records, relations, and runtime parity unverified.
client:SpellDifficulty.dbc	dbc	c699217775d90794158422387b07a917e161b582:src/server/game/DataStores/DBCStores.cpp#SpellDifficulty.dbc	unassessed	-	-	-	-	-	-	Reference inventory only; AC schema, records, relations, and runtime parity unverified.
client:SpellDuration.dbc	dbc	c699217775d90794158422387b07a917e161b582:src/server/game/DataStores/DBCStores.cpp#SpellDuration.dbc	unassessed	-	-	-	-	-	-	Reference inventory only; AC schema, records, relations, and runtime parity unverified.
client:SpellEffect.dbc	dbc	c699217775d90794158422387b07a917e161b582:src/server/game/DataStores/DBCStores.cpp#SpellEffect.dbc	unassessed	#57	-	-	-	-	-	Reference inventory only; AC schema, records, relations, and runtime parity unverified.
client:SpellEquippedItems.dbc	dbc	c699217775d90794158422387b07a917e161b582:src/server/game/DataStores/DBCStores.cpp#SpellEquippedItems.dbc	unassessed	-	-	-	-	-	-	Reference inventory only; AC schema, records, relations, and runtime parity unverified.
client:SpellFocusObject.dbc	dbc	c699217775d90794158422387b07a917e161b582:src/server/game/DataStores/DBCStores.cpp#SpellFocusObject.dbc	unassessed	-	-	-	-	-	-	Reference inventory only; AC schema, records, relations, and runtime parity unverified.
client:SpellInterrupts.dbc	dbc	c699217775d90794158422387b07a917e161b582:src/server/game/DataStores/DBCStores.cpp#SpellInterrupts.dbc	unassessed	-	-	-	-	-	-	Reference inventory only; AC schema, records, relations, and runtime parity unverified.
client:SpellItemEnchantment.dbc	dbc	c699217775d90794158422387b07a917e161b582:src/server/game/DataStores/DBCStores.cpp#SpellItemEnchantment.dbc	unassessed	-	-	-	-	-	-	Reference inventory only; AC schema, records, relations, and runtime parity unverified.
client:SpellItemEnchantmentCondition.dbc	dbc	c699217775d90794158422387b07a917e161b582:src/server/game/DataStores/DBCStores.cpp#SpellItemEnchantmentCondition.dbc	unassessed	-	-	-	-	-	-	Reference inventory only; AC schema, records, relations, and runtime parity unverified.
client:SpellLevels.dbc	dbc	c699217775d90794158422387b07a917e161b582:src/server/game/DataStores/DBCStores.cpp#SpellLevels.dbc	unassessed	-	-	-	-	-	-	Reference inventory only; AC schema, records, relations, and runtime parity unverified.
client:SpellPower.dbc	dbc	c699217775d90794158422387b07a917e161b582:src/server/game/DataStores/DBCStores.cpp#SpellPower.dbc	unassessed	-	-	-	-	-	-	Reference inventory only; AC schema, records, relations, and runtime parity unverified.
client:SpellRadius.dbc	dbc	c699217775d90794158422387b07a917e161b582:src/server/game/DataStores/DBCStores.cpp#SpellRadius.dbc	unassessed	-	-	-	-	-	-	Reference inventory only; AC schema, records, relations, and runtime parity unverified.
client:SpellRange.dbc	dbc	c699217775d90794158422387b07a917e161b582:src/server/game/DataStores/DBCStores.cpp#SpellRange.dbc	unassessed	-	-	-	-	-	-	Reference inventory only; AC schema, records, relations, and runtime parity unverified.
client:SpellReagents.dbc	dbc	c699217775d90794158422387b07a917e161b582:src/server/game/DataStores/DBCStores.cpp#SpellReagents.dbc	unassessed	-	-	-	-	-	-	Reference inventory only; AC schema, records, relations, and runtime parity unverified.
client:SpellRuneCost.dbc	dbc	c699217775d90794158422387b07a917e161b582:src/server/game/DataStores/DBCStores.cpp#SpellRuneCost.dbc	unassessed	-	-	-	-	-	-	Reference inventory only; AC schema, records, relations, and runtime parity unverified.
client:SpellScaling.dbc	dbc	c699217775d90794158422387b07a917e161b582:src/server/game/DataStores/DBCStores.cpp#SpellScaling.dbc	unassessed	-	-	-	-	-	-	Reference inventory only; AC schema, records, relations, and runtime parity unverified.
client:SpellShapeshift.dbc	dbc	c699217775d90794158422387b07a917e161b582:src/server/game/DataStores/DBCStores.cpp#SpellShapeshift.dbc	unassessed	-	-	-	-	-	-	Reference inventory only; AC schema, records, relations, and runtime parity unverified.
client:SpellShapeshiftForm.dbc	dbc	c699217775d90794158422387b07a917e161b582:src/server/game/DataStores/DBCStores.cpp#SpellShapeshiftForm.dbc	unassessed	-	-	-	-	-	-	Reference inventory only; AC schema, records, relations, and runtime parity unverified.
client:SpellTargetRestrictions.dbc	dbc	c699217775d90794158422387b07a917e161b582:src/server/game/DataStores/DBCStores.cpp#SpellTargetRestrictions.dbc	unassessed	-	-	-	-	-	-	Reference inventory only; AC schema, records, relations, and runtime parity unverified.
client:SpellTotems.dbc	dbc	c699217775d90794158422387b07a917e161b582:src/server/game/DataStores/DBCStores.cpp#SpellTotems.dbc	unassessed	-	-	-	-	-	-	Reference inventory only; AC schema, records, relations, and runtime parity unverified.
client:SpellVisual.dbc	dbc	c699217775d90794158422387b07a917e161b582:src/server/game/DataStores/DBCStores.cpp#SpellVisual.dbc	unassessed	-	-	-	-	-	-	Reference inventory only; AC schema, records, relations, and runtime parity unverified.
client:SpellVisualKit.dbc	dbc	c699217775d90794158422387b07a917e161b582:src/server/game/DataStores/DBCStores.cpp#SpellVisualKit.dbc	unassessed	-	-	-	-	-	-	Reference inventory only; AC schema, records, relations, and runtime parity unverified.
client:SummonProperties.dbc	dbc	c699217775d90794158422387b07a917e161b582:src/server/game/DataStores/DBCStores.cpp#SummonProperties.dbc	unassessed	-	-	-	-	-	-	Reference inventory only; AC schema, records, relations, and runtime parity unverified.
client:Talent.dbc	dbc	c699217775d90794158422387b07a917e161b582:src/server/game/DataStores/DBCStores.cpp#Talent.dbc	unassessed	-	-	-	-	-	-	Reference inventory only; AC schema, records, relations, and runtime parity unverified.
client:TalentTab.dbc	dbc	c699217775d90794158422387b07a917e161b582:src/server/game/DataStores/DBCStores.cpp#TalentTab.dbc	unassessed	-	-	-	-	-	-	Reference inventory only; AC schema, records, relations, and runtime parity unverified.
client:TalentTreePrimarySpells.dbc	dbc	c699217775d90794158422387b07a917e161b582:src/server/game/DataStores/DBCStores.cpp#TalentTreePrimarySpells.dbc	unassessed	-	-	-	-	-	-	Reference inventory only; AC schema, records, relations, and runtime parity unverified.
client:TaxiNodes.dbc	dbc	c699217775d90794158422387b07a917e161b582:src/server/game/DataStores/DBCStores.cpp#TaxiNodes.dbc	unassessed	-	-	-	-	-	-	Reference inventory only; AC schema, records, relations, and runtime parity unverified.
client:TaxiPath.dbc	dbc	c699217775d90794158422387b07a917e161b582:src/server/game/DataStores/DBCStores.cpp#TaxiPath.dbc	unassessed	-	-	-	-	-	-	Reference inventory only; AC schema, records, relations, and runtime parity unverified.
client:TaxiPathNode.dbc	dbc	c699217775d90794158422387b07a917e161b582:src/server/game/DataStores/DBCStores.cpp#TaxiPathNode.dbc	unassessed	-	-	-	-	-	-	Reference inventory only; AC schema, records, relations, and runtime parity unverified.
client:TotemCategory.dbc	dbc	c699217775d90794158422387b07a917e161b582:src/server/game/DataStores/DBCStores.cpp#TotemCategory.dbc	unassessed	-	-	-	-	-	-	Reference inventory only; AC schema, records, relations, and runtime parity unverified.
client:TransportAnimation.dbc	dbc	c699217775d90794158422387b07a917e161b582:src/server/game/DataStores/DBCStores.cpp#TransportAnimation.dbc	unassessed	-	-	-	-	-	-	Reference inventory only; AC schema, records, relations, and runtime parity unverified.
client:TransportRotation.dbc	dbc	c699217775d90794158422387b07a917e161b582:src/server/game/DataStores/DBCStores.cpp#TransportRotation.dbc	unassessed	-	-	-	-	-	-	Reference inventory only; AC schema, records, relations, and runtime parity unverified.
client:UnitPowerBar.dbc	dbc	c699217775d90794158422387b07a917e161b582:src/server/game/DataStores/DBCStores.cpp#UnitPowerBar.dbc	unassessed	-	-	-	-	-	-	Reference inventory only; AC schema, records, relations, and runtime parity unverified.
client:Vehicle.dbc	dbc	c699217775d90794158422387b07a917e161b582:src/server/game/DataStores/DBCStores.cpp#Vehicle.dbc	unassessed	-	-	-	-	-	-	Reference inventory only; AC schema, records, relations, and runtime parity unverified.
client:VehicleSeat.dbc	dbc	c699217775d90794158422387b07a917e161b582:src/server/game/DataStores/DBCStores.cpp#VehicleSeat.dbc	unassessed	-	-	-	-	-	-	Reference inventory only; AC schema, records, relations, and runtime parity unverified.
client:WMOAreaTable.dbc	dbc	c699217775d90794158422387b07a917e161b582:src/server/game/DataStores/DBCStores.cpp#WMOAreaTable.dbc	unassessed	-	-	-	-	-	-	Reference inventory only; AC schema, records, relations, and runtime parity unverified.
client:WorldMapArea.dbc	dbc	c699217775d90794158422387b07a917e161b582:src/server/game/DataStores/DBCStores.cpp#WorldMapArea.dbc	unassessed	-	-	-	-	-	-	Reference inventory only; AC schema, records, relations, and runtime parity unverified.
client:WorldMapOverlay.dbc	dbc	c699217775d90794158422387b07a917e161b582:src/server/game/DataStores/DBCStores.cpp#WorldMapOverlay.dbc	unassessed	-	-	-	-	-	-	Reference inventory only; AC schema, records, relations, and runtime parity unverified.
client:WorldSafeLocs.dbc	dbc	c699217775d90794158422387b07a917e161b582:src/server/game/DataStores/DBCStores.cpp#WorldSafeLocs.dbc	unassessed	-	-	-	-	-	-	Reference inventory only; AC schema, records, relations, and runtime parity unverified.
client:gtBarberShopCostBase.dbc	dbc	c699217775d90794158422387b07a917e161b582:src/server/game/DataStores/DBCStores.cpp#gtBarberShopCostBase.dbc	unassessed	-	-	-	-	-	-	Reference inventory only; AC schema, records, relations, and runtime parity unverified.
client:gtChanceToMeleeCrit.dbc	dbc	c699217775d90794158422387b07a917e161b582:src/server/game/DataStores/DBCStores.cpp#gtChanceToMeleeCrit.dbc	unassessed	-	-	-	-	-	-	Reference inventory only; AC schema, records, relations, and runtime parity unverified.
client:gtChanceToMeleeCritBase.dbc	dbc	c699217775d90794158422387b07a917e161b582:src/server/game/DataStores/DBCStores.cpp#gtChanceToMeleeCritBase.dbc	unassessed	-	-	-	-	-	-	Reference inventory only; AC schema, records, relations, and runtime parity unverified.
client:gtChanceToSpellCrit.dbc	dbc	c699217775d90794158422387b07a917e161b582:src/server/game/DataStores/DBCStores.cpp#gtChanceToSpellCrit.dbc	unassessed	-	-	-	-	-	-	Reference inventory only; AC schema, records, relations, and runtime parity unverified.
client:gtChanceToSpellCritBase.dbc	dbc	c699217775d90794158422387b07a917e161b582:src/server/game/DataStores/DBCStores.cpp#gtChanceToSpellCritBase.dbc	unassessed	-	-	-	-	-	-	Reference inventory only; AC schema, records, relations, and runtime parity unverified.
client:gtCombatRatings.dbc	dbc	c699217775d90794158422387b07a917e161b582:src/server/game/DataStores/DBCStores.cpp#gtCombatRatings.dbc	unassessed	-	-	-	-	-	-	Reference inventory only; AC schema, records, relations, and runtime parity unverified.
client:gtNPCManaCostScaler.dbc	dbc	c699217775d90794158422387b07a917e161b582:src/server/game/DataStores/DBCStores.cpp#gtNPCManaCostScaler.dbc	unassessed	-	-	-	-	-	-	Reference inventory only; AC schema, records, relations, and runtime parity unverified.
client:gtOCTBaseHPByClass.dbc	dbc	c699217775d90794158422387b07a917e161b582:src/server/game/DataStores/DBCStores.cpp#gtOCTBaseHPByClass.dbc	unassessed	-	-	-	-	-	-	Reference inventory only; AC schema, records, relations, and runtime parity unverified.
client:gtOCTBaseMPByClass.dbc	dbc	c699217775d90794158422387b07a917e161b582:src/server/game/DataStores/DBCStores.cpp#gtOCTBaseMPByClass.dbc	unassessed	-	-	-	-	-	-	Reference inventory only; AC schema, records, relations, and runtime parity unverified.
client:gtOCTClassCombatRatingScalar.dbc	dbc	c699217775d90794158422387b07a917e161b582:src/server/game/DataStores/DBCStores.cpp#gtOCTClassCombatRatingScalar.dbc	unassessed	-	-	-	-	-	-	Reference inventory only; AC schema, records, relations, and runtime parity unverified.
client:gtOCTHpPerStamina.dbc	dbc	c699217775d90794158422387b07a917e161b582:src/server/game/DataStores/DBCStores.cpp#gtOCTHpPerStamina.dbc	unassessed	-	-	-	-	-	-	Reference inventory only; AC schema, records, relations, and runtime parity unverified.
client:gtRegenMPPerSpt.dbc	dbc	c699217775d90794158422387b07a917e161b582:src/server/game/DataStores/DBCStores.cpp#gtRegenMPPerSpt.dbc	unassessed	-	-	-	-	-	-	Reference inventory only; AC schema, records, relations, and runtime parity unverified.
client:gtSpellScaling.dbc	dbc	c699217775d90794158422387b07a917e161b582:src/server/game/DataStores/DBCStores.cpp#gtSpellScaling.dbc	unassessed	-	-	-	-	-	-	Reference inventory only; AC schema, records, relations, and runtime parity unverified.
content:coverage	record-inventory	c699217775d90794158422387b07a917e161b582:sql/base/dev/world_database.sql	blocked	-	-	-	-	-	-	Generate per-zone/quest/chain/spawn/loot/encounter records after content source is pinned; schema counts cannot prove content parity.
content:hotfix-release	content	c699217775d90794158422387b07a917e161b582:sql/base/dev/hotfixes_database.sql	blocked	-	-	-	-	-	-	Pinned SQL has schemas but no hotfix rows; pin a compatible source and its build/locale coverage.
content:world-release	content	c699217775d90794158422387b07a917e161b582:sql/base/dev/world_database.sql	blocked	#57	-	-	-	-	-	Pinned SQL has schemas but no world rows; select and hash a compatible world-content release and update chain.
sql:auth.account	sql-table	c699217775d90794158422387b07a917e161b582:sql/base/auth_database.sql#account	unassessed	-	-	-	-	-	-	Reference inventory only; AC schema, records, relations, and runtime parity unverified.
sql:auth.account_access	sql-table	c699217775d90794158422387b07a917e161b582:sql/base/auth_database.sql#account_access	unassessed	-	-	-	-	-	-	Reference inventory only; AC schema, records, relations, and runtime parity unverified.
sql:auth.account_banned	sql-table	c699217775d90794158422387b07a917e161b582:sql/base/auth_database.sql#account_banned	unassessed	-	-	-	-	-	-	Reference inventory only; AC schema, records, relations, and runtime parity unverified.
sql:auth.account_muted	sql-table	c699217775d90794158422387b07a917e161b582:sql/base/auth_database.sql#account_muted	unassessed	-	-	-	-	-	-	Reference inventory only; AC schema, records, relations, and runtime parity unverified.
sql:auth.autobroadcast	sql-table	c699217775d90794158422387b07a917e161b582:sql/base/auth_database.sql#autobroadcast	unassessed	-	-	-	-	-	-	Reference inventory only; AC schema, records, relations, and runtime parity unverified.
sql:auth.build_auth_key	sql-table	c699217775d90794158422387b07a917e161b582:sql/base/auth_database.sql#build_auth_key	unassessed	-	-	-	-	-	-	Reference inventory only; AC schema, records, relations, and runtime parity unverified.
sql:auth.build_executable_hash	sql-table	c699217775d90794158422387b07a917e161b582:sql/base/auth_database.sql#build_executable_hash	unassessed	-	-	-	-	-	-	Reference inventory only; AC schema, records, relations, and runtime parity unverified.
sql:auth.build_info	sql-table	c699217775d90794158422387b07a917e161b582:sql/base/auth_database.sql#build_info	unassessed	-	-	-	-	-	-	Reference inventory only; AC schema, records, relations, and runtime parity unverified.
sql:auth.ip_banned	sql-table	c699217775d90794158422387b07a917e161b582:sql/base/auth_database.sql#ip_banned	unassessed	-	-	-	-	-	-	Reference inventory only; AC schema, records, relations, and runtime parity unverified.
sql:auth.logs	sql-table	c699217775d90794158422387b07a917e161b582:sql/base/auth_database.sql#logs	unassessed	-	-	-	-	-	-	Reference inventory only; AC schema, records, relations, and runtime parity unverified.
sql:auth.logs_ip_actions	sql-table	c699217775d90794158422387b07a917e161b582:sql/base/auth_database.sql#logs_ip_actions	unassessed	-	-	-	-	-	-	Reference inventory only; AC schema, records, relations, and runtime parity unverified.
sql:auth.rbac_account_permissions	sql-table	c699217775d90794158422387b07a917e161b582:sql/base/auth_database.sql#rbac_account_permissions	unassessed	-	-	-	-	-	-	Reference inventory only; AC schema, records, relations, and runtime parity unverified.
sql:auth.rbac_default_permissions	sql-table	c699217775d90794158422387b07a917e161b582:sql/base/auth_database.sql#rbac_default_permissions	unassessed	-	-	-	-	-	-	Reference inventory only; AC schema, records, relations, and runtime parity unverified.
sql:auth.rbac_linked_permissions	sql-table	c699217775d90794158422387b07a917e161b582:sql/base/auth_database.sql#rbac_linked_permissions	unassessed	-	-	-	-	-	-	Reference inventory only; AC schema, records, relations, and runtime parity unverified.
sql:auth.rbac_permissions	sql-table	c699217775d90794158422387b07a917e161b582:sql/base/auth_database.sql#rbac_permissions	unassessed	-	-	-	-	-	-	Reference inventory only; AC schema, records, relations, and runtime parity unverified.
sql:auth.realmcharacters	sql-table	c699217775d90794158422387b07a917e161b582:sql/base/auth_database.sql#realmcharacters	unassessed	-	-	-	-	-	-	Reference inventory only; AC schema, records, relations, and runtime parity unverified.
sql:auth.realmlist	sql-table	c699217775d90794158422387b07a917e161b582:sql/base/auth_database.sql#realmlist	unassessed	-	-	-	-	-	-	Reference inventory only; AC schema, records, relations, and runtime parity unverified.
sql:auth.secret_digest	sql-table	c699217775d90794158422387b07a917e161b582:sql/base/auth_database.sql#secret_digest	unassessed	-	-	-	-	-	-	Reference inventory only; AC schema, records, relations, and runtime parity unverified.
sql:auth.updates	sql-table	c699217775d90794158422387b07a917e161b582:sql/base/auth_database.sql#updates	unassessed	-	-	-	-	-	-	Reference inventory only; AC schema, records, relations, and runtime parity unverified.
sql:auth.updates_include	sql-table	c699217775d90794158422387b07a917e161b582:sql/base/auth_database.sql#updates_include	unassessed	-	-	-	-	-	-	Reference inventory only; AC schema, records, relations, and runtime parity unverified.
sql:auth.uptime	sql-table	c699217775d90794158422387b07a917e161b582:sql/base/auth_database.sql#uptime	unassessed	-	-	-	-	-	-	Reference inventory only; AC schema, records, relations, and runtime parity unverified.
sql:characters.account_data	sql-table	c699217775d90794158422387b07a917e161b582:sql/base/characters_database.sql#account_data	unassessed	-	-	-	-	-	-	Reference inventory only; AC schema, records, relations, and runtime parity unverified.
sql:characters.account_instance_times	sql-table	c699217775d90794158422387b07a917e161b582:sql/base/characters_database.sql#account_instance_times	unassessed	-	-	-	-	-	-	Reference inventory only; AC schema, records, relations, and runtime parity unverified.
sql:characters.account_tutorial	sql-table	c699217775d90794158422387b07a917e161b582:sql/base/characters_database.sql#account_tutorial	unassessed	-	-	-	-	-	-	Reference inventory only; AC schema, records, relations, and runtime parity unverified.
sql:characters.addons	sql-table	c699217775d90794158422387b07a917e161b582:sql/base/characters_database.sql#addons	unassessed	-	-	-	-	-	-	Reference inventory only; AC schema, records, relations, and runtime parity unverified.
sql:characters.arena_team	sql-table	c699217775d90794158422387b07a917e161b582:sql/base/characters_database.sql#arena_team	unassessed	-	-	-	-	-	-	Reference inventory only; AC schema, records, relations, and runtime parity unverified.
sql:characters.arena_team_member	sql-table	c699217775d90794158422387b07a917e161b582:sql/base/characters_database.sql#arena_team_member	unassessed	-	-	-	-	-	-	Reference inventory only; AC schema, records, relations, and runtime parity unverified.
sql:characters.auctionbidders	sql-table	c699217775d90794158422387b07a917e161b582:sql/base/characters_database.sql#auctionbidders	unassessed	-	-	-	-	-	-	Reference inventory only; AC schema, records, relations, and runtime parity unverified.
sql:characters.auctionhouse	sql-table	c699217775d90794158422387b07a917e161b582:sql/base/characters_database.sql#auctionhouse	unassessed	-	-	-	-	-	-	Reference inventory only; AC schema, records, relations, and runtime parity unverified.
sql:characters.banned_addons	sql-table	c699217775d90794158422387b07a917e161b582:sql/base/characters_database.sql#banned_addons	unassessed	-	-	-	-	-	-	Reference inventory only; AC schema, records, relations, and runtime parity unverified.
sql:characters.battleground_deserters	sql-table	c699217775d90794158422387b07a917e161b582:sql/base/characters_database.sql#battleground_deserters	unassessed	-	-	-	-	-	-	Reference inventory only; AC schema, records, relations, and runtime parity unverified.
sql:characters.bugreport	sql-table	c699217775d90794158422387b07a917e161b582:sql/base/characters_database.sql#bugreport	unassessed	-	-	-	-	-	-	Reference inventory only; AC schema, records, relations, and runtime parity unverified.
sql:characters.calendar_events	sql-table	c699217775d90794158422387b07a917e161b582:sql/base/characters_database.sql#calendar_events	unassessed	-	-	-	-	-	-	Reference inventory only; AC schema, records, relations, and runtime parity unverified.
sql:characters.calendar_invites	sql-table	c699217775d90794158422387b07a917e161b582:sql/base/characters_database.sql#calendar_invites	unassessed	-	-	-	-	-	-	Reference inventory only; AC schema, records, relations, and runtime parity unverified.
sql:characters.channels	sql-table	c699217775d90794158422387b07a917e161b582:sql/base/characters_database.sql#channels	unassessed	-	-	-	-	-	-	Reference inventory only; AC schema, records, relations, and runtime parity unverified.
sql:characters.character_account_data	sql-table	c699217775d90794158422387b07a917e161b582:sql/base/characters_database.sql#character_account_data	unassessed	-	-	-	-	-	-	Reference inventory only; AC schema, records, relations, and runtime parity unverified.
sql:characters.character_achievement	sql-table	c699217775d90794158422387b07a917e161b582:sql/base/characters_database.sql#character_achievement	unassessed	-	-	-	-	-	-	Reference inventory only; AC schema, records, relations, and runtime parity unverified.
sql:characters.character_achievement_progress	sql-table	c699217775d90794158422387b07a917e161b582:sql/base/characters_database.sql#character_achievement_progress	unassessed	-	-	-	-	-	-	Reference inventory only; AC schema, records, relations, and runtime parity unverified.
sql:characters.character_action	sql-table	c699217775d90794158422387b07a917e161b582:sql/base/characters_database.sql#character_action	unassessed	-	-	-	-	-	-	Reference inventory only; AC schema, records, relations, and runtime parity unverified.
sql:characters.character_archaeology_completed	sql-table	c699217775d90794158422387b07a917e161b582:sql/base/characters_database.sql#character_archaeology_completed	unassessed	-	-	-	-	-	-	Reference inventory only; AC schema, records, relations, and runtime parity unverified.
sql:characters.character_archaeology_projects	sql-table	c699217775d90794158422387b07a917e161b582:sql/base/characters_database.sql#character_archaeology_projects	unassessed	-	-	-	-	-	-	Reference inventory only; AC schema, records, relations, and runtime parity unverified.
sql:characters.character_archaeology_sites	sql-table	c699217775d90794158422387b07a917e161b582:sql/base/characters_database.sql#character_archaeology_sites	unassessed	-	-	-	-	-	-	Reference inventory only; AC schema, records, relations, and runtime parity unverified.
sql:characters.character_arena_stats	sql-table	c699217775d90794158422387b07a917e161b582:sql/base/characters_database.sql#character_arena_stats	unassessed	-	-	-	-	-	-	Reference inventory only; AC schema, records, relations, and runtime parity unverified.
sql:characters.character_aura	sql-table	c699217775d90794158422387b07a917e161b582:sql/base/characters_database.sql#character_aura	unassessed	-	-	-	-	-	-	Reference inventory only; AC schema, records, relations, and runtime parity unverified.
sql:characters.character_banned	sql-table	c699217775d90794158422387b07a917e161b582:sql/base/characters_database.sql#character_banned	unassessed	-	-	-	-	-	-	Reference inventory only; AC schema, records, relations, and runtime parity unverified.
sql:characters.character_battleground_data	sql-table	c699217775d90794158422387b07a917e161b582:sql/base/characters_database.sql#character_battleground_data	unassessed	-	-	-	-	-	-	Reference inventory only; AC schema, records, relations, and runtime parity unverified.
sql:characters.character_battleground_random	sql-table	c699217775d90794158422387b07a917e161b582:sql/base/characters_database.sql#character_battleground_random	unassessed	-	-	-	-	-	-	Reference inventory only; AC schema, records, relations, and runtime parity unverified.
sql:characters.character_cuf_profiles	sql-table	c699217775d90794158422387b07a917e161b582:sql/base/characters_database.sql#character_cuf_profiles	unassessed	-	-	-	-	-	-	Reference inventory only; AC schema, records, relations, and runtime parity unverified.
sql:characters.character_currency	sql-table	c699217775d90794158422387b07a917e161b582:sql/base/characters_database.sql#character_currency	unassessed	-	-	-	-	-	-	Reference inventory only; AC schema, records, relations, and runtime parity unverified.
sql:characters.character_declinedname	sql-table	c699217775d90794158422387b07a917e161b582:sql/base/characters_database.sql#character_declinedname	unassessed	-	-	-	-	-	-	Reference inventory only; AC schema, records, relations, and runtime parity unverified.
sql:characters.character_equipmentsets	sql-table	c699217775d90794158422387b07a917e161b582:sql/base/characters_database.sql#character_equipmentsets	unassessed	-	-	-	-	-	-	Reference inventory only; AC schema, records, relations, and runtime parity unverified.
sql:characters.character_fishingsteps	sql-table	c699217775d90794158422387b07a917e161b582:sql/base/characters_database.sql#character_fishingsteps	unassessed	-	-	-	-	-	-	Reference inventory only; AC schema, records, relations, and runtime parity unverified.
sql:characters.character_gifts	sql-table	c699217775d90794158422387b07a917e161b582:sql/base/characters_database.sql#character_gifts	unassessed	-	-	-	-	-	-	Reference inventory only; AC schema, records, relations, and runtime parity unverified.
sql:characters.character_glyphs	sql-table	c699217775d90794158422387b07a917e161b582:sql/base/characters_database.sql#character_glyphs	unassessed	-	-	-	-	-	-	Reference inventory only; AC schema, records, relations, and runtime parity unverified.
sql:characters.character_homebind	sql-table	c699217775d90794158422387b07a917e161b582:sql/base/characters_database.sql#character_homebind	unassessed	-	-	-	-	-	-	Reference inventory only; AC schema, records, relations, and runtime parity unverified.
sql:characters.character_instance	sql-table	c699217775d90794158422387b07a917e161b582:sql/base/characters_database.sql#character_instance	unassessed	-	-	-	-	-	-	Reference inventory only; AC schema, records, relations, and runtime parity unverified.
sql:characters.character_inventory	sql-table	c699217775d90794158422387b07a917e161b582:sql/base/characters_database.sql#character_inventory	unassessed	-	-	-	-	-	-	Reference inventory only; AC schema, records, relations, and runtime parity unverified.
sql:characters.character_pet	sql-table	c699217775d90794158422387b07a917e161b582:sql/base/characters_database.sql#character_pet	unassessed	-	-	-	-	-	-	Reference inventory only; AC schema, records, relations, and runtime parity unverified.
sql:characters.character_pet_declinedname	sql-table	c699217775d90794158422387b07a917e161b582:sql/base/characters_database.sql#character_pet_declinedname	unassessed	-	-	-	-	-	-	Reference inventory only; AC schema, records, relations, and runtime parity unverified.
sql:characters.character_queststatus	sql-table	c699217775d90794158422387b07a917e161b582:sql/base/characters_database.sql#character_queststatus	unassessed	-	-	-	-	-	-	Reference inventory only; AC schema, records, relations, and runtime parity unverified.
sql:characters.character_queststatus_daily	sql-table	c699217775d90794158422387b07a917e161b582:sql/base/characters_database.sql#character_queststatus_daily	unassessed	-	-	-	-	-	-	Reference inventory only; AC schema, records, relations, and runtime parity unverified.
sql:characters.character_queststatus_monthly	sql-table	c699217775d90794158422387b07a917e161b582:sql/base/characters_database.sql#character_queststatus_monthly	unassessed	-	-	-	-	-	-	Reference inventory only; AC schema, records, relations, and runtime parity unverified.
sql:characters.character_queststatus_rewarded	sql-table	c699217775d90794158422387b07a917e161b582:sql/base/characters_database.sql#character_queststatus_rewarded	unassessed	-	-	-	-	-	-	Reference inventory only; AC schema, records, relations, and runtime parity unverified.
sql:characters.character_queststatus_seasonal	sql-table	c699217775d90794158422387b07a917e161b582:sql/base/characters_database.sql#character_queststatus_seasonal	unassessed	-	-	-	-	-	-	Reference inventory only; AC schema, records, relations, and runtime parity unverified.
sql:characters.character_queststatus_weekly	sql-table	c699217775d90794158422387b07a917e161b582:sql/base/characters_database.sql#character_queststatus_weekly	unassessed	-	-	-	-	-	-	Reference inventory only; AC schema, records, relations, and runtime parity unverified.
sql:characters.character_reputation	sql-table	c699217775d90794158422387b07a917e161b582:sql/base/characters_database.sql#character_reputation	unassessed	-	-	-	-	-	-	Reference inventory only; AC schema, records, relations, and runtime parity unverified.
sql:characters.character_rewardstatus_lfg	sql-table	c699217775d90794158422387b07a917e161b582:sql/base/characters_database.sql#character_rewardstatus_lfg	unassessed	-	-	-	-	-	-	Reference inventory only; AC schema, records, relations, and runtime parity unverified.
sql:characters.character_skills	sql-table	c699217775d90794158422387b07a917e161b582:sql/base/characters_database.sql#character_skills	unassessed	-	-	-	-	-	-	Reference inventory only; AC schema, records, relations, and runtime parity unverified.
sql:characters.character_social	sql-table	c699217775d90794158422387b07a917e161b582:sql/base/characters_database.sql#character_social	unassessed	-	-	-	-	-	-	Reference inventory only; AC schema, records, relations, and runtime parity unverified.
sql:characters.character_spell	sql-table	c699217775d90794158422387b07a917e161b582:sql/base/characters_database.sql#character_spell	unassessed	-	-	-	-	-	-	Reference inventory only; AC schema, records, relations, and runtime parity unverified.
sql:characters.character_spell_cooldown	sql-table	c699217775d90794158422387b07a917e161b582:sql/base/characters_database.sql#character_spell_cooldown	unassessed	-	-	-	-	-	-	Reference inventory only; AC schema, records, relations, and runtime parity unverified.
sql:characters.character_stats	sql-table	c699217775d90794158422387b07a917e161b582:sql/base/characters_database.sql#character_stats	unassessed	-	-	-	-	-	-	Reference inventory only; AC schema, records, relations, and runtime parity unverified.
sql:characters.character_talent	sql-table	c699217775d90794158422387b07a917e161b582:sql/base/characters_database.sql#character_talent	unassessed	-	-	-	-	-	-	Reference inventory only; AC schema, records, relations, and runtime parity unverified.
sql:characters.character_void_storage	sql-table	c699217775d90794158422387b07a917e161b582:sql/base/characters_database.sql#character_void_storage	unassessed	-	-	-	-	-	-	Reference inventory only; AC schema, records, relations, and runtime parity unverified.
sql:characters.characters	sql-table	c699217775d90794158422387b07a917e161b582:sql/base/characters_database.sql#characters	unassessed	-	-	-	-	-	-	Reference inventory only; AC schema, records, relations, and runtime parity unverified.
sql:characters.corpse	sql-table	c699217775d90794158422387b07a917e161b582:sql/base/characters_database.sql#corpse	unassessed	-	-	-	-	-	-	Reference inventory only; AC schema, records, relations, and runtime parity unverified.
sql:characters.corpse_phases	sql-table	c699217775d90794158422387b07a917e161b582:sql/base/characters_database.sql#corpse_phases	unassessed	-	-	-	-	-	-	Reference inventory only; AC schema, records, relations, and runtime parity unverified.
sql:characters.game_event_condition_save	sql-table	c699217775d90794158422387b07a917e161b582:sql/base/characters_database.sql#game_event_condition_save	unassessed	-	-	-	-	-	-	Reference inventory only; AC schema, records, relations, and runtime parity unverified.
sql:characters.game_event_save	sql-table	c699217775d90794158422387b07a917e161b582:sql/base/characters_database.sql#game_event_save	unassessed	-	-	-	-	-	-	Reference inventory only; AC schema, records, relations, and runtime parity unverified.
sql:characters.gm_subsurvey	sql-table	c699217775d90794158422387b07a917e161b582:sql/base/characters_database.sql#gm_subsurvey	unassessed	-	-	-	-	-	-	Reference inventory only; AC schema, records, relations, and runtime parity unverified.
sql:characters.gm_survey	sql-table	c699217775d90794158422387b07a917e161b582:sql/base/characters_database.sql#gm_survey	unassessed	-	-	-	-	-	-	Reference inventory only; AC schema, records, relations, and runtime parity unverified.
sql:characters.gm_ticket	sql-table	c699217775d90794158422387b07a917e161b582:sql/base/characters_database.sql#gm_ticket	unassessed	-	-	-	-	-	-	Reference inventory only; AC schema, records, relations, and runtime parity unverified.
sql:characters.group_instance	sql-table	c699217775d90794158422387b07a917e161b582:sql/base/characters_database.sql#group_instance	unassessed	-	-	-	-	-	-	Reference inventory only; AC schema, records, relations, and runtime parity unverified.
sql:characters.group_member	sql-table	c699217775d90794158422387b07a917e161b582:sql/base/characters_database.sql#group_member	unassessed	-	-	-	-	-	-	Reference inventory only; AC schema, records, relations, and runtime parity unverified.
sql:characters.groups	sql-table	c699217775d90794158422387b07a917e161b582:sql/base/characters_database.sql#groups	unassessed	-	-	-	-	-	-	Reference inventory only; AC schema, records, relations, and runtime parity unverified.
sql:characters.guild	sql-table	c699217775d90794158422387b07a917e161b582:sql/base/characters_database.sql#guild	unassessed	-	-	-	-	-	-	Reference inventory only; AC schema, records, relations, and runtime parity unverified.
sql:characters.guild_achievement	sql-table	c699217775d90794158422387b07a917e161b582:sql/base/characters_database.sql#guild_achievement	unassessed	-	-	-	-	-	-	Reference inventory only; AC schema, records, relations, and runtime parity unverified.
sql:characters.guild_achievement_progress	sql-table	c699217775d90794158422387b07a917e161b582:sql/base/characters_database.sql#guild_achievement_progress	unassessed	-	-	-	-	-	-	Reference inventory only; AC schema, records, relations, and runtime parity unverified.
sql:characters.guild_bank_eventlog	sql-table	c699217775d90794158422387b07a917e161b582:sql/base/characters_database.sql#guild_bank_eventlog	unassessed	-	-	-	-	-	-	Reference inventory only; AC schema, records, relations, and runtime parity unverified.
sql:characters.guild_bank_item	sql-table	c699217775d90794158422387b07a917e161b582:sql/base/characters_database.sql#guild_bank_item	unassessed	-	-	-	-	-	-	Reference inventory only; AC schema, records, relations, and runtime parity unverified.
sql:characters.guild_bank_right	sql-table	c699217775d90794158422387b07a917e161b582:sql/base/characters_database.sql#guild_bank_right	unassessed	-	-	-	-	-	-	Reference inventory only; AC schema, records, relations, and runtime parity unverified.
sql:characters.guild_bank_tab	sql-table	c699217775d90794158422387b07a917e161b582:sql/base/characters_database.sql#guild_bank_tab	unassessed	-	-	-	-	-	-	Reference inventory only; AC schema, records, relations, and runtime parity unverified.
sql:characters.guild_eventlog	sql-table	c699217775d90794158422387b07a917e161b582:sql/base/characters_database.sql#guild_eventlog	unassessed	-	-	-	-	-	-	Reference inventory only; AC schema, records, relations, and runtime parity unverified.
sql:characters.guild_finder_applicant	sql-table	c699217775d90794158422387b07a917e161b582:sql/base/characters_database.sql#guild_finder_applicant	unassessed	-	-	-	-	-	-	Reference inventory only; AC schema, records, relations, and runtime parity unverified.
sql:characters.guild_finder_guild_settings	sql-table	c699217775d90794158422387b07a917e161b582:sql/base/characters_database.sql#guild_finder_guild_settings	unassessed	-	-	-	-	-	-	Reference inventory only; AC schema, records, relations, and runtime parity unverified.
sql:characters.guild_member	sql-table	c699217775d90794158422387b07a917e161b582:sql/base/characters_database.sql#guild_member	unassessed	-	-	-	-	-	-	Reference inventory only; AC schema, records, relations, and runtime parity unverified.
sql:characters.guild_member_withdraw	sql-table	c699217775d90794158422387b07a917e161b582:sql/base/characters_database.sql#guild_member_withdraw	unassessed	-	-	-	-	-	-	Reference inventory only; AC schema, records, relations, and runtime parity unverified.
sql:characters.guild_newslog	sql-table	c699217775d90794158422387b07a917e161b582:sql/base/characters_database.sql#guild_newslog	unassessed	-	-	-	-	-	-	Reference inventory only; AC schema, records, relations, and runtime parity unverified.
sql:characters.guild_old_member	sql-table	c699217775d90794158422387b07a917e161b582:sql/base/characters_database.sql#guild_old_member	unassessed	-	-	-	-	-	-	Reference inventory only; AC schema, records, relations, and runtime parity unverified.
sql:characters.guild_rank	sql-table	c699217775d90794158422387b07a917e161b582:sql/base/characters_database.sql#guild_rank	unassessed	-	-	-	-	-	-	Reference inventory only; AC schema, records, relations, and runtime parity unverified.
sql:characters.instance	sql-table	c699217775d90794158422387b07a917e161b582:sql/base/characters_database.sql#instance	unassessed	-	-	-	-	-	-	Reference inventory only; AC schema, records, relations, and runtime parity unverified.
sql:characters.instance_reset	sql-table	c699217775d90794158422387b07a917e161b582:sql/base/characters_database.sql#instance_reset	unassessed	-	-	-	-	-	-	Reference inventory only; AC schema, records, relations, and runtime parity unverified.
sql:characters.item_instance	sql-table	c699217775d90794158422387b07a917e161b582:sql/base/characters_database.sql#item_instance	unassessed	-	-	-	-	-	-	Reference inventory only; AC schema, records, relations, and runtime parity unverified.
sql:characters.item_loot_items	sql-table	c699217775d90794158422387b07a917e161b582:sql/base/characters_database.sql#item_loot_items	unassessed	-	-	-	-	-	-	Reference inventory only; AC schema, records, relations, and runtime parity unverified.
sql:characters.item_loot_money	sql-table	c699217775d90794158422387b07a917e161b582:sql/base/characters_database.sql#item_loot_money	unassessed	-	-	-	-	-	-	Reference inventory only; AC schema, records, relations, and runtime parity unverified.
sql:characters.item_refund_instance	sql-table	c699217775d90794158422387b07a917e161b582:sql/base/characters_database.sql#item_refund_instance	unassessed	-	-	-	-	-	-	Reference inventory only; AC schema, records, relations, and runtime parity unverified.
sql:characters.item_soulbound_trade_data	sql-table	c699217775d90794158422387b07a917e161b582:sql/base/characters_database.sql#item_soulbound_trade_data	unassessed	-	-	-	-	-	-	Reference inventory only; AC schema, records, relations, and runtime parity unverified.
sql:characters.lag_reports	sql-table	c699217775d90794158422387b07a917e161b582:sql/base/characters_database.sql#lag_reports	unassessed	-	-	-	-	-	-	Reference inventory only; AC schema, records, relations, and runtime parity unverified.
sql:characters.lfg_data	sql-table	c699217775d90794158422387b07a917e161b582:sql/base/characters_database.sql#lfg_data	unassessed	-	-	-	-	-	-	Reference inventory only; AC schema, records, relations, and runtime parity unverified.
sql:characters.mail	sql-table	c699217775d90794158422387b07a917e161b582:sql/base/characters_database.sql#mail	unassessed	-	-	-	-	-	-	Reference inventory only; AC schema, records, relations, and runtime parity unverified.
sql:characters.mail_items	sql-table	c699217775d90794158422387b07a917e161b582:sql/base/characters_database.sql#mail_items	unassessed	-	-	-	-	-	-	Reference inventory only; AC schema, records, relations, and runtime parity unverified.
sql:characters.pet_aura	sql-table	c699217775d90794158422387b07a917e161b582:sql/base/characters_database.sql#pet_aura	unassessed	-	-	-	-	-	-	Reference inventory only; AC schema, records, relations, and runtime parity unverified.
sql:characters.pet_spell	sql-table	c699217775d90794158422387b07a917e161b582:sql/base/characters_database.sql#pet_spell	unassessed	-	-	-	-	-	-	Reference inventory only; AC schema, records, relations, and runtime parity unverified.
sql:characters.pet_spell_cooldown	sql-table	c699217775d90794158422387b07a917e161b582:sql/base/characters_database.sql#pet_spell_cooldown	unassessed	-	-	-	-	-	-	Reference inventory only; AC schema, records, relations, and runtime parity unverified.
sql:characters.petition	sql-table	c699217775d90794158422387b07a917e161b582:sql/base/characters_database.sql#petition	unassessed	-	-	-	-	-	-	Reference inventory only; AC schema, records, relations, and runtime parity unverified.
sql:characters.petition_sign	sql-table	c699217775d90794158422387b07a917e161b582:sql/base/characters_database.sql#petition_sign	unassessed	-	-	-	-	-	-	Reference inventory only; AC schema, records, relations, and runtime parity unverified.
sql:characters.pool_quest_save	sql-table	c699217775d90794158422387b07a917e161b582:sql/base/characters_database.sql#pool_quest_save	unassessed	-	-	-	-	-	-	Reference inventory only; AC schema, records, relations, and runtime parity unverified.
sql:characters.pvpstats_battlegrounds	sql-table	c699217775d90794158422387b07a917e161b582:sql/base/characters_database.sql#pvpstats_battlegrounds	unassessed	-	-	-	-	-	-	Reference inventory only; AC schema, records, relations, and runtime parity unverified.
sql:characters.pvpstats_players	sql-table	c699217775d90794158422387b07a917e161b582:sql/base/characters_database.sql#pvpstats_players	unassessed	-	-	-	-	-	-	Reference inventory only; AC schema, records, relations, and runtime parity unverified.
sql:characters.quest_tracker	sql-table	c699217775d90794158422387b07a917e161b582:sql/base/characters_database.sql#quest_tracker	unassessed	-	-	-	-	-	-	Reference inventory only; AC schema, records, relations, and runtime parity unverified.
sql:characters.reserved_name	sql-table	c699217775d90794158422387b07a917e161b582:sql/base/characters_database.sql#reserved_name	unassessed	-	-	-	-	-	-	Reference inventory only; AC schema, records, relations, and runtime parity unverified.
sql:characters.respawn	sql-table	c699217775d90794158422387b07a917e161b582:sql/base/characters_database.sql#respawn	unassessed	-	-	-	-	-	-	Reference inventory only; AC schema, records, relations, and runtime parity unverified.
sql:characters.updates	sql-table	c699217775d90794158422387b07a917e161b582:sql/base/characters_database.sql#updates	unassessed	-	-	-	-	-	-	Reference inventory only; AC schema, records, relations, and runtime parity unverified.
sql:characters.updates_include	sql-table	c699217775d90794158422387b07a917e161b582:sql/base/characters_database.sql#updates_include	unassessed	-	-	-	-	-	-	Reference inventory only; AC schema, records, relations, and runtime parity unverified.
sql:characters.warden_action	sql-table	c699217775d90794158422387b07a917e161b582:sql/base/characters_database.sql#warden_action	unassessed	-	-	-	-	-	-	Reference inventory only; AC schema, records, relations, and runtime parity unverified.
sql:characters.world_state_value	sql-table	c699217775d90794158422387b07a917e161b582:sql/base/characters_database.sql#world_state_value	unassessed	-	-	-	-	-	-	Reference inventory only; AC schema, records, relations, and runtime parity unverified.
sql:characters.world_variable	sql-table	c699217775d90794158422387b07a917e161b582:sql/base/characters_database.sql#world_variable	unassessed	-	-	-	-	-	-	Reference inventory only; AC schema, records, relations, and runtime parity unverified.
sql:hotfixes.hotfix_data	sql-table	c699217775d90794158422387b07a917e161b582:sql/base/dev/hotfixes_database.sql#hotfix_data	unassessed	-	-	-	-	-	-	Reference inventory only; AC schema, records, relations, and runtime parity unverified.
sql:hotfixes.item	sql-table	c699217775d90794158422387b07a917e161b582:sql/base/dev/hotfixes_database.sql#item	unassessed	-	-	-	-	-	-	Reference inventory only; AC schema, records, relations, and runtime parity unverified.
sql:hotfixes.item_currency_cost	sql-table	c699217775d90794158422387b07a917e161b582:sql/base/dev/hotfixes_database.sql#item_currency_cost	unassessed	-	-	-	-	-	-	Reference inventory only; AC schema, records, relations, and runtime parity unverified.
sql:hotfixes.item_extended_cost	sql-table	c699217775d90794158422387b07a917e161b582:sql/base/dev/hotfixes_database.sql#item_extended_cost	unassessed	-	-	-	-	-	-	Reference inventory only; AC schema, records, relations, and runtime parity unverified.
sql:hotfixes.item_sparse	sql-table	c699217775d90794158422387b07a917e161b582:sql/base/dev/hotfixes_database.sql#item_sparse	unassessed	-	-	-	-	-	-	Reference inventory only; AC schema, records, relations, and runtime parity unverified.
sql:hotfixes.item_sparse_locale	sql-table	c699217775d90794158422387b07a917e161b582:sql/base/dev/hotfixes_database.sql#item_sparse_locale	unassessed	-	-	-	-	-	-	Reference inventory only; AC schema, records, relations, and runtime parity unverified.
sql:hotfixes.key_chain	sql-table	c699217775d90794158422387b07a917e161b582:sql/base/dev/hotfixes_database.sql#key_chain	unassessed	-	-	-	-	-	-	Reference inventory only; AC schema, records, relations, and runtime parity unverified.
sql:hotfixes.updates	sql-table	c699217775d90794158422387b07a917e161b582:sql/base/dev/hotfixes_database.sql#updates	unassessed	-	-	-	-	-	-	Reference inventory only; AC schema, records, relations, and runtime parity unverified.
sql:hotfixes.updates_include	sql-table	c699217775d90794158422387b07a917e161b582:sql/base/dev/hotfixes_database.sql#updates_include	unassessed	-	-	-	-	-	-	Reference inventory only; AC schema, records, relations, and runtime parity unverified.
sql:world.access_requirement	sql-table	c699217775d90794158422387b07a917e161b582:sql/base/dev/world_database.sql#access_requirement	unassessed	-	-	-	-	-	-	Reference inventory only; AC schema, records, relations, and runtime parity unverified.
sql:world.achievement_criteria_data	sql-table	c699217775d90794158422387b07a917e161b582:sql/base/dev/world_database.sql#achievement_criteria_data	unassessed	-	-	-	-	-	-	Reference inventory only; AC schema, records, relations, and runtime parity unverified.
sql:world.achievement_dbc	sql-table	c699217775d90794158422387b07a917e161b582:sql/base/dev/world_database.sql#achievement_dbc	unassessed	-	-	-	-	-	-	Reference inventory only; AC schema, records, relations, and runtime parity unverified.
sql:world.achievement_reward	sql-table	c699217775d90794158422387b07a917e161b582:sql/base/dev/world_database.sql#achievement_reward	unassessed	-	-	-	-	-	-	Reference inventory only; AC schema, records, relations, and runtime parity unverified.
sql:world.achievement_reward_locale	sql-table	c699217775d90794158422387b07a917e161b582:sql/base/dev/world_database.sql#achievement_reward_locale	unassessed	-	-	-	-	-	-	Reference inventory only; AC schema, records, relations, and runtime parity unverified.
sql:world.archaeology_projects	sql-table	c699217775d90794158422387b07a917e161b582:sql/base/dev/world_database.sql#archaeology_projects	unassessed	-	-	-	-	-	-	Reference inventory only; AC schema, records, relations, and runtime parity unverified.
sql:world.archaeology_sites	sql-table	c699217775d90794158422387b07a917e161b582:sql/base/dev/world_database.sql#archaeology_sites	unassessed	-	-	-	-	-	-	Reference inventory only; AC schema, records, relations, and runtime parity unverified.
sql:world.areatrigger_involvedrelation	sql-table	c699217775d90794158422387b07a917e161b582:sql/base/dev/world_database.sql#areatrigger_involvedrelation	unassessed	-	-	-	-	-	-	Reference inventory only; AC schema, records, relations, and runtime parity unverified.
sql:world.areatrigger_scripts	sql-table	c699217775d90794158422387b07a917e161b582:sql/base/dev/world_database.sql#areatrigger_scripts	unassessed	-	-	-	-	-	-	Reference inventory only; AC schema, records, relations, and runtime parity unverified.
sql:world.areatrigger_tavern	sql-table	c699217775d90794158422387b07a917e161b582:sql/base/dev/world_database.sql#areatrigger_tavern	unassessed	-	-	-	-	-	-	Reference inventory only; AC schema, records, relations, and runtime parity unverified.
sql:world.areatrigger_teleport	sql-table	c699217775d90794158422387b07a917e161b582:sql/base/dev/world_database.sql#areatrigger_teleport	unassessed	-	-	-	-	-	-	Reference inventory only; AC schema, records, relations, and runtime parity unverified.
sql:world.battleground_template	sql-table	c699217775d90794158422387b07a917e161b582:sql/base/dev/world_database.sql#battleground_template	unassessed	-	-	-	-	-	-	Reference inventory only; AC schema, records, relations, and runtime parity unverified.
sql:world.battlemaster_entry	sql-table	c699217775d90794158422387b07a917e161b582:sql/base/dev/world_database.sql#battlemaster_entry	unassessed	-	-	-	-	-	-	Reference inventory only; AC schema, records, relations, and runtime parity unverified.
sql:world.broadcast_text	sql-table	c699217775d90794158422387b07a917e161b582:sql/base/dev/world_database.sql#broadcast_text	unassessed	-	-	-	-	-	-	Reference inventory only; AC schema, records, relations, and runtime parity unverified.
sql:world.broadcast_text_locale	sql-table	c699217775d90794158422387b07a917e161b582:sql/base/dev/world_database.sql#broadcast_text_locale	unassessed	-	-	-	-	-	-	Reference inventory only; AC schema, records, relations, and runtime parity unverified.
sql:world.command	sql-table	c699217775d90794158422387b07a917e161b582:sql/base/dev/world_database.sql#command	unassessed	-	-	-	-	-	-	Reference inventory only; AC schema, records, relations, and runtime parity unverified.
sql:world.conditions	sql-table	c699217775d90794158422387b07a917e161b582:sql/base/dev/world_database.sql#conditions	unassessed	-	-	-	-	-	-	Reference inventory only; AC schema, records, relations, and runtime parity unverified.
sql:world.creature	sql-table	c699217775d90794158422387b07a917e161b582:sql/base/dev/world_database.sql#creature	unassessed	-	-	-	-	-	-	Reference inventory only; AC schema, records, relations, and runtime parity unverified.
sql:world.creature_addon	sql-table	c699217775d90794158422387b07a917e161b582:sql/base/dev/world_database.sql#creature_addon	unassessed	-	-	-	-	-	-	Reference inventory only; AC schema, records, relations, and runtime parity unverified.
sql:world.creature_classlevelstats	sql-table	c699217775d90794158422387b07a917e161b582:sql/base/dev/world_database.sql#creature_classlevelstats	unassessed	-	-	-	-	-	-	Reference inventory only; AC schema, records, relations, and runtime parity unverified.
sql:world.creature_equip_template	sql-table	c699217775d90794158422387b07a917e161b582:sql/base/dev/world_database.sql#creature_equip_template	unassessed	-	-	-	-	-	-	Reference inventory only; AC schema, records, relations, and runtime parity unverified.
sql:world.creature_formations	sql-table	c699217775d90794158422387b07a917e161b582:sql/base/dev/world_database.sql#creature_formations	unassessed	-	-	-	-	-	-	Reference inventory only; AC schema, records, relations, and runtime parity unverified.
sql:world.creature_loot_template	sql-table	c699217775d90794158422387b07a917e161b582:sql/base/dev/world_database.sql#creature_loot_template	unassessed	-	-	-	-	-	-	Reference inventory only; AC schema, records, relations, and runtime parity unverified.
sql:world.creature_model_info	sql-table	c699217775d90794158422387b07a917e161b582:sql/base/dev/world_database.sql#creature_model_info	unassessed	-	-	-	-	-	-	Reference inventory only; AC schema, records, relations, and runtime parity unverified.
sql:world.creature_movement_info	sql-table	c699217775d90794158422387b07a917e161b582:sql/base/dev/world_database.sql#creature_movement_info	unassessed	-	-	-	-	-	-	Reference inventory only; AC schema, records, relations, and runtime parity unverified.
sql:world.creature_movement_override	sql-table	c699217775d90794158422387b07a917e161b582:sql/base/dev/world_database.sql#creature_movement_override	unassessed	-	-	-	-	-	-	Reference inventory only; AC schema, records, relations, and runtime parity unverified.
sql:world.creature_onkill_reward	sql-table	c699217775d90794158422387b07a917e161b582:sql/base/dev/world_database.sql#creature_onkill_reward	unassessed	-	-	-	-	-	-	Reference inventory only; AC schema, records, relations, and runtime parity unverified.
sql:world.creature_questender	sql-table	c699217775d90794158422387b07a917e161b582:sql/base/dev/world_database.sql#creature_questender	unassessed	-	-	-	-	-	-	Reference inventory only; AC schema, records, relations, and runtime parity unverified.
sql:world.creature_questitem	sql-table	c699217775d90794158422387b07a917e161b582:sql/base/dev/world_database.sql#creature_questitem	unassessed	-	-	-	-	-	-	Reference inventory only; AC schema, records, relations, and runtime parity unverified.
sql:world.creature_queststarter	sql-table	c699217775d90794158422387b07a917e161b582:sql/base/dev/world_database.sql#creature_queststarter	unassessed	-	-	-	-	-	-	Reference inventory only; AC schema, records, relations, and runtime parity unverified.
sql:world.creature_sparring_template	sql-table	c699217775d90794158422387b07a917e161b582:sql/base/dev/world_database.sql#creature_sparring_template	unassessed	-	-	-	-	-	-	Reference inventory only; AC schema, records, relations, and runtime parity unverified.
sql:world.creature_summon_groups	sql-table	c699217775d90794158422387b07a917e161b582:sql/base/dev/world_database.sql#creature_summon_groups	unassessed	-	-	-	-	-	-	Reference inventory only; AC schema, records, relations, and runtime parity unverified.
sql:world.creature_template	sql-table	c699217775d90794158422387b07a917e161b582:sql/base/dev/world_database.sql#creature_template	unassessed	-	-	-	-	-	-	Reference inventory only; AC schema, records, relations, and runtime parity unverified.
sql:world.creature_template_addon	sql-table	c699217775d90794158422387b07a917e161b582:sql/base/dev/world_database.sql#creature_template_addon	unassessed	-	-	-	-	-	-	Reference inventory only; AC schema, records, relations, and runtime parity unverified.
sql:world.creature_template_locale	sql-table	c699217775d90794158422387b07a917e161b582:sql/base/dev/world_database.sql#creature_template_locale	unassessed	-	-	-	-	-	-	Reference inventory only; AC schema, records, relations, and runtime parity unverified.
sql:world.creature_template_movement	sql-table	c699217775d90794158422387b07a917e161b582:sql/base/dev/world_database.sql#creature_template_movement	unassessed	-	-	-	-	-	-	Reference inventory only; AC schema, records, relations, and runtime parity unverified.
sql:world.creature_text	sql-table	c699217775d90794158422387b07a917e161b582:sql/base/dev/world_database.sql#creature_text	unassessed	-	-	-	-	-	-	Reference inventory only; AC schema, records, relations, and runtime parity unverified.
sql:world.creature_text_locale	sql-table	c699217775d90794158422387b07a917e161b582:sql/base/dev/world_database.sql#creature_text_locale	unassessed	-	-	-	-	-	-	Reference inventory only; AC schema, records, relations, and runtime parity unverified.
sql:world.creature_trainer	sql-table	c699217775d90794158422387b07a917e161b582:sql/base/dev/world_database.sql#creature_trainer	unassessed	-	-	-	-	-	-	Reference inventory only; AC schema, records, relations, and runtime parity unverified.
sql:world.disables	sql-table	c699217775d90794158422387b07a917e161b582:sql/base/dev/world_database.sql#disables	unassessed	-	-	-	-	-	-	Reference inventory only; AC schema, records, relations, and runtime parity unverified.
sql:world.disenchant_loot_template	sql-table	c699217775d90794158422387b07a917e161b582:sql/base/dev/world_database.sql#disenchant_loot_template	unassessed	-	-	-	-	-	-	Reference inventory only; AC schema, records, relations, and runtime parity unverified.
sql:world.event_scripts	sql-table	c699217775d90794158422387b07a917e161b582:sql/base/dev/world_database.sql#event_scripts	unassessed	-	-	-	-	-	-	Reference inventory only; AC schema, records, relations, and runtime parity unverified.
sql:world.exploration_basexp	sql-table	c699217775d90794158422387b07a917e161b582:sql/base/dev/world_database.sql#exploration_basexp	unassessed	-	-	-	-	-	-	Reference inventory only; AC schema, records, relations, and runtime parity unverified.
sql:world.fishing_loot_template	sql-table	c699217775d90794158422387b07a917e161b582:sql/base/dev/world_database.sql#fishing_loot_template	unassessed	-	-	-	-	-	-	Reference inventory only; AC schema, records, relations, and runtime parity unverified.
sql:world.game_event	sql-table	c699217775d90794158422387b07a917e161b582:sql/base/dev/world_database.sql#game_event	unassessed	-	-	-	-	-	-	Reference inventory only; AC schema, records, relations, and runtime parity unverified.
sql:world.game_event_arena_seasons	sql-table	c699217775d90794158422387b07a917e161b582:sql/base/dev/world_database.sql#game_event_arena_seasons	unassessed	-	-	-	-	-	-	Reference inventory only; AC schema, records, relations, and runtime parity unverified.
sql:world.game_event_battleground_holiday	sql-table	c699217775d90794158422387b07a917e161b582:sql/base/dev/world_database.sql#game_event_battleground_holiday	unassessed	-	-	-	-	-	-	Reference inventory only; AC schema, records, relations, and runtime parity unverified.
sql:world.game_event_condition	sql-table	c699217775d90794158422387b07a917e161b582:sql/base/dev/world_database.sql#game_event_condition	unassessed	-	-	-	-	-	-	Reference inventory only; AC schema, records, relations, and runtime parity unverified.
sql:world.game_event_creature	sql-table	c699217775d90794158422387b07a917e161b582:sql/base/dev/world_database.sql#game_event_creature	unassessed	-	-	-	-	-	-	Reference inventory only; AC schema, records, relations, and runtime parity unverified.
sql:world.game_event_creature_quest	sql-table	c699217775d90794158422387b07a917e161b582:sql/base/dev/world_database.sql#game_event_creature_quest	unassessed	-	-	-	-	-	-	Reference inventory only; AC schema, records, relations, and runtime parity unverified.
sql:world.game_event_gameobject	sql-table	c699217775d90794158422387b07a917e161b582:sql/base/dev/world_database.sql#game_event_gameobject	unassessed	-	-	-	-	-	-	Reference inventory only; AC schema, records, relations, and runtime parity unverified.
sql:world.game_event_gameobject_quest	sql-table	c699217775d90794158422387b07a917e161b582:sql/base/dev/world_database.sql#game_event_gameobject_quest	unassessed	-	-	-	-	-	-	Reference inventory only; AC schema, records, relations, and runtime parity unverified.
sql:world.game_event_model_equip	sql-table	c699217775d90794158422387b07a917e161b582:sql/base/dev/world_database.sql#game_event_model_equip	unassessed	-	-	-	-	-	-	Reference inventory only; AC schema, records, relations, and runtime parity unverified.
sql:world.game_event_npc_vendor	sql-table	c699217775d90794158422387b07a917e161b582:sql/base/dev/world_database.sql#game_event_npc_vendor	unassessed	-	-	-	-	-	-	Reference inventory only; AC schema, records, relations, and runtime parity unverified.
sql:world.game_event_npcflag	sql-table	c699217775d90794158422387b07a917e161b582:sql/base/dev/world_database.sql#game_event_npcflag	unassessed	-	-	-	-	-	-	Reference inventory only; AC schema, records, relations, and runtime parity unverified.
sql:world.game_event_pool	sql-table	c699217775d90794158422387b07a917e161b582:sql/base/dev/world_database.sql#game_event_pool	unassessed	-	-	-	-	-	-	Reference inventory only; AC schema, records, relations, and runtime parity unverified.
sql:world.game_event_prerequisite	sql-table	c699217775d90794158422387b07a917e161b582:sql/base/dev/world_database.sql#game_event_prerequisite	unassessed	-	-	-	-	-	-	Reference inventory only; AC schema, records, relations, and runtime parity unverified.
sql:world.game_event_quest_condition	sql-table	c699217775d90794158422387b07a917e161b582:sql/base/dev/world_database.sql#game_event_quest_condition	unassessed	-	-	-	-	-	-	Reference inventory only; AC schema, records, relations, and runtime parity unverified.
sql:world.game_event_seasonal_questrelation	sql-table	c699217775d90794158422387b07a917e161b582:sql/base/dev/world_database.sql#game_event_seasonal_questrelation	unassessed	-	-	-	-	-	-	Reference inventory only; AC schema, records, relations, and runtime parity unverified.
sql:world.game_tele	sql-table	c699217775d90794158422387b07a917e161b582:sql/base/dev/world_database.sql#game_tele	unassessed	-	-	-	-	-	-	Reference inventory only; AC schema, records, relations, and runtime parity unverified.
sql:world.game_weather	sql-table	c699217775d90794158422387b07a917e161b582:sql/base/dev/world_database.sql#game_weather	unassessed	-	-	-	-	-	-	Reference inventory only; AC schema, records, relations, and runtime parity unverified.
sql:world.gameobject	sql-table	c699217775d90794158422387b07a917e161b582:sql/base/dev/world_database.sql#gameobject	unassessed	-	-	-	-	-	-	Reference inventory only; AC schema, records, relations, and runtime parity unverified.
sql:world.gameobject_addon	sql-table	c699217775d90794158422387b07a917e161b582:sql/base/dev/world_database.sql#gameobject_addon	unassessed	-	-	-	-	-	-	Reference inventory only; AC schema, records, relations, and runtime parity unverified.
sql:world.gameobject_loot_template	sql-table	c699217775d90794158422387b07a917e161b582:sql/base/dev/world_database.sql#gameobject_loot_template	unassessed	-	-	-	-	-	-	Reference inventory only; AC schema, records, relations, and runtime parity unverified.
sql:world.gameobject_questender	sql-table	c699217775d90794158422387b07a917e161b582:sql/base/dev/world_database.sql#gameobject_questender	unassessed	-	-	-	-	-	-	Reference inventory only; AC schema, records, relations, and runtime parity unverified.
sql:world.gameobject_questitem	sql-table	c699217775d90794158422387b07a917e161b582:sql/base/dev/world_database.sql#gameobject_questitem	unassessed	-	-	-	-	-	-	Reference inventory only; AC schema, records, relations, and runtime parity unverified.
sql:world.gameobject_queststarter	sql-table	c699217775d90794158422387b07a917e161b582:sql/base/dev/world_database.sql#gameobject_queststarter	unassessed	-	-	-	-	-	-	Reference inventory only; AC schema, records, relations, and runtime parity unverified.
sql:world.gameobject_template	sql-table	c699217775d90794158422387b07a917e161b582:sql/base/dev/world_database.sql#gameobject_template	unassessed	-	-	-	-	-	-	Reference inventory only; AC schema, records, relations, and runtime parity unverified.
sql:world.gameobject_template_addon	sql-table	c699217775d90794158422387b07a917e161b582:sql/base/dev/world_database.sql#gameobject_template_addon	unassessed	-	-	-	-	-	-	Reference inventory only; AC schema, records, relations, and runtime parity unverified.
sql:world.gameobject_template_locale	sql-table	c699217775d90794158422387b07a917e161b582:sql/base/dev/world_database.sql#gameobject_template_locale	unassessed	-	-	-	-	-	-	Reference inventory only; AC schema, records, relations, and runtime parity unverified.
sql:world.gossip_menu	sql-table	c699217775d90794158422387b07a917e161b582:sql/base/dev/world_database.sql#gossip_menu	unassessed	-	-	-	-	-	-	Reference inventory only; AC schema, records, relations, and runtime parity unverified.
sql:world.gossip_menu_option	sql-table	c699217775d90794158422387b07a917e161b582:sql/base/dev/world_database.sql#gossip_menu_option	unassessed	-	-	-	-	-	-	Reference inventory only; AC schema, records, relations, and runtime parity unverified.
sql:world.gossip_menu_option_action	sql-table	c699217775d90794158422387b07a917e161b582:sql/base/dev/world_database.sql#gossip_menu_option_action	unassessed	-	-	-	-	-	-	Reference inventory only; AC schema, records, relations, and runtime parity unverified.
sql:world.gossip_menu_option_box	sql-table	c699217775d90794158422387b07a917e161b582:sql/base/dev/world_database.sql#gossip_menu_option_box	unassessed	-	-	-	-	-	-	Reference inventory only; AC schema, records, relations, and runtime parity unverified.
sql:world.gossip_menu_option_locale	sql-table	c699217775d90794158422387b07a917e161b582:sql/base/dev/world_database.sql#gossip_menu_option_locale	unassessed	-	-	-	-	-	-	Reference inventory only; AC schema, records, relations, and runtime parity unverified.
sql:world.graveyard_orientation	sql-table	c699217775d90794158422387b07a917e161b582:sql/base/dev/world_database.sql#graveyard_orientation	unassessed	-	-	-	-	-	-	Reference inventory only; AC schema, records, relations, and runtime parity unverified.
sql:world.graveyard_zone	sql-table	c699217775d90794158422387b07a917e161b582:sql/base/dev/world_database.sql#graveyard_zone	unassessed	-	-	-	-	-	-	Reference inventory only; AC schema, records, relations, and runtime parity unverified.
sql:world.guild_challenges	sql-table	c699217775d90794158422387b07a917e161b582:sql/base/dev/world_database.sql#guild_challenges	unassessed	-	-	-	-	-	-	Reference inventory only; AC schema, records, relations, and runtime parity unverified.
sql:world.guild_rewards	sql-table	c699217775d90794158422387b07a917e161b582:sql/base/dev/world_database.sql#guild_rewards	unassessed	-	-	-	-	-	-	Reference inventory only; AC schema, records, relations, and runtime parity unverified.
sql:world.guild_xp_for_level	sql-table	c699217775d90794158422387b07a917e161b582:sql/base/dev/world_database.sql#guild_xp_for_level	unassessed	-	-	-	-	-	-	Reference inventory only; AC schema, records, relations, and runtime parity unverified.
sql:world.holiday_dates	sql-table	c699217775d90794158422387b07a917e161b582:sql/base/dev/world_database.sql#holiday_dates	unassessed	-	-	-	-	-	-	Reference inventory only; AC schema, records, relations, and runtime parity unverified.
sql:world.instance_encounters	sql-table	c699217775d90794158422387b07a917e161b582:sql/base/dev/world_database.sql#instance_encounters	unassessed	-	-	-	-	-	-	Reference inventory only; AC schema, records, relations, and runtime parity unverified.
sql:world.instance_spawn_groups	sql-table	c699217775d90794158422387b07a917e161b582:sql/base/dev/world_database.sql#instance_spawn_groups	unassessed	-	-	-	-	-	-	Reference inventory only; AC schema, records, relations, and runtime parity unverified.
sql:world.instance_template	sql-table	c699217775d90794158422387b07a917e161b582:sql/base/dev/world_database.sql#instance_template	unassessed	-	-	-	-	-	-	Reference inventory only; AC schema, records, relations, and runtime parity unverified.
sql:world.item_enchantment_template	sql-table	c699217775d90794158422387b07a917e161b582:sql/base/dev/world_database.sql#item_enchantment_template	unassessed	-	-	-	-	-	-	Reference inventory only; AC schema, records, relations, and runtime parity unverified.
sql:world.item_loot_template	sql-table	c699217775d90794158422387b07a917e161b582:sql/base/dev/world_database.sql#item_loot_template	unassessed	-	-	-	-	-	-	Reference inventory only; AC schema, records, relations, and runtime parity unverified.
sql:world.item_script_names	sql-table	c699217775d90794158422387b07a917e161b582:sql/base/dev/world_database.sql#item_script_names	unassessed	-	-	-	-	-	-	Reference inventory only; AC schema, records, relations, and runtime parity unverified.
sql:world.item_template_addon	sql-table	c699217775d90794158422387b07a917e161b582:sql/base/dev/world_database.sql#item_template_addon	unassessed	-	-	-	-	-	-	Reference inventory only; AC schema, records, relations, and runtime parity unverified.
sql:world.lfg_dungeon_rewards	sql-table	c699217775d90794158422387b07a917e161b582:sql/base/dev/world_database.sql#lfg_dungeon_rewards	unassessed	-	-	-	-	-	-	Reference inventory only; AC schema, records, relations, and runtime parity unverified.
sql:world.lfg_dungeon_template	sql-table	c699217775d90794158422387b07a917e161b582:sql/base/dev/world_database.sql#lfg_dungeon_template	unassessed	-	-	-	-	-	-	Reference inventory only; AC schema, records, relations, and runtime parity unverified.
sql:world.linked_respawn	sql-table	c699217775d90794158422387b07a917e161b582:sql/base/dev/world_database.sql#linked_respawn	unassessed	-	-	-	-	-	-	Reference inventory only; AC schema, records, relations, and runtime parity unverified.
sql:world.mail_level_reward	sql-table	c699217775d90794158422387b07a917e161b582:sql/base/dev/world_database.sql#mail_level_reward	unassessed	-	-	-	-	-	-	Reference inventory only; AC schema, records, relations, and runtime parity unverified.
sql:world.mail_loot_template	sql-table	c699217775d90794158422387b07a917e161b582:sql/base/dev/world_database.sql#mail_loot_template	unassessed	-	-	-	-	-	-	Reference inventory only; AC schema, records, relations, and runtime parity unverified.
sql:world.milling_loot_template	sql-table	c699217775d90794158422387b07a917e161b582:sql/base/dev/world_database.sql#milling_loot_template	unassessed	-	-	-	-	-	-	Reference inventory only; AC schema, records, relations, and runtime parity unverified.
sql:world.npc_spellclick_spells	sql-table	c699217775d90794158422387b07a917e161b582:sql/base/dev/world_database.sql#npc_spellclick_spells	unassessed	-	-	-	-	-	-	Reference inventory only; AC schema, records, relations, and runtime parity unverified.
sql:world.npc_text	sql-table	c699217775d90794158422387b07a917e161b582:sql/base/dev/world_database.sql#npc_text	unassessed	-	-	-	-	-	-	Reference inventory only; AC schema, records, relations, and runtime parity unverified.
sql:world.npc_text_locale	sql-table	c699217775d90794158422387b07a917e161b582:sql/base/dev/world_database.sql#npc_text_locale	unassessed	-	-	-	-	-	-	Reference inventory only; AC schema, records, relations, and runtime parity unverified.
sql:world.npc_vendor	sql-table	c699217775d90794158422387b07a917e161b582:sql/base/dev/world_database.sql#npc_vendor	unassessed	-	-	-	-	-	-	Reference inventory only; AC schema, records, relations, and runtime parity unverified.
sql:world.outdoorpvp_template	sql-table	c699217775d90794158422387b07a917e161b582:sql/base/dev/world_database.sql#outdoorpvp_template	unassessed	-	-	-	-	-	-	Reference inventory only; AC schema, records, relations, and runtime parity unverified.
sql:world.page_text	sql-table	c699217775d90794158422387b07a917e161b582:sql/base/dev/world_database.sql#page_text	unassessed	-	-	-	-	-	-	Reference inventory only; AC schema, records, relations, and runtime parity unverified.
sql:world.page_text_locale	sql-table	c699217775d90794158422387b07a917e161b582:sql/base/dev/world_database.sql#page_text_locale	unassessed	-	-	-	-	-	-	Reference inventory only; AC schema, records, relations, and runtime parity unverified.
sql:world.pet_levelstats	sql-table	c699217775d90794158422387b07a917e161b582:sql/base/dev/world_database.sql#pet_levelstats	unassessed	-	-	-	-	-	-	Reference inventory only; AC schema, records, relations, and runtime parity unverified.
sql:world.pet_name_generation	sql-table	c699217775d90794158422387b07a917e161b582:sql/base/dev/world_database.sql#pet_name_generation	unassessed	-	-	-	-	-	-	Reference inventory only; AC schema, records, relations, and runtime parity unverified.
sql:world.phase_area	sql-table	c699217775d90794158422387b07a917e161b582:sql/base/dev/world_database.sql#phase_area	unassessed	-	-	-	-	-	-	Reference inventory only; AC schema, records, relations, and runtime parity unverified.
sql:world.pickpocketing_loot_template	sql-table	c699217775d90794158422387b07a917e161b582:sql/base/dev/world_database.sql#pickpocketing_loot_template	unassessed	-	-	-	-	-	-	Reference inventory only; AC schema, records, relations, and runtime parity unverified.
sql:world.player_factionchange_achievement	sql-table	c699217775d90794158422387b07a917e161b582:sql/base/dev/world_database.sql#player_factionchange_achievement	unassessed	-	-	-	-	-	-	Reference inventory only; AC schema, records, relations, and runtime parity unverified.
sql:world.player_factionchange_items	sql-table	c699217775d90794158422387b07a917e161b582:sql/base/dev/world_database.sql#player_factionchange_items	unassessed	-	-	-	-	-	-	Reference inventory only; AC schema, records, relations, and runtime parity unverified.
sql:world.player_factionchange_quests	sql-table	c699217775d90794158422387b07a917e161b582:sql/base/dev/world_database.sql#player_factionchange_quests	unassessed	-	-	-	-	-	-	Reference inventory only; AC schema, records, relations, and runtime parity unverified.
sql:world.player_factionchange_reputations	sql-table	c699217775d90794158422387b07a917e161b582:sql/base/dev/world_database.sql#player_factionchange_reputations	unassessed	-	-	-	-	-	-	Reference inventory only; AC schema, records, relations, and runtime parity unverified.
sql:world.player_factionchange_spells	sql-table	c699217775d90794158422387b07a917e161b582:sql/base/dev/world_database.sql#player_factionchange_spells	unassessed	-	-	-	-	-	-	Reference inventory only; AC schema, records, relations, and runtime parity unverified.
sql:world.player_factionchange_titles	sql-table	c699217775d90794158422387b07a917e161b582:sql/base/dev/world_database.sql#player_factionchange_titles	unassessed	-	-	-	-	-	-	Reference inventory only; AC schema, records, relations, and runtime parity unverified.
sql:world.player_levelstats	sql-table	c699217775d90794158422387b07a917e161b582:sql/base/dev/world_database.sql#player_levelstats	unassessed	-	-	-	-	-	-	Reference inventory only; AC schema, records, relations, and runtime parity unverified.
sql:world.player_xp_for_level	sql-table	c699217775d90794158422387b07a917e161b582:sql/base/dev/world_database.sql#player_xp_for_level	unassessed	-	-	-	-	-	-	Reference inventory only; AC schema, records, relations, and runtime parity unverified.
sql:world.playercreateinfo	sql-table	c699217775d90794158422387b07a917e161b582:sql/base/dev/world_database.sql#playercreateinfo	unassessed	#57	-	-	-	-	-	Reference inventory only; AC schema, records, relations, and runtime parity unverified.
sql:world.playercreateinfo_action	sql-table	c699217775d90794158422387b07a917e161b582:sql/base/dev/world_database.sql#playercreateinfo_action	unassessed	#57	-	-	-	-	-	Reference inventory only; AC schema, records, relations, and runtime parity unverified.
sql:world.playercreateinfo_cast_spell	sql-table	c699217775d90794158422387b07a917e161b582:sql/base/dev/world_database.sql#playercreateinfo_cast_spell	unassessed	-	-	-	-	-	-	Reference inventory only; AC schema, records, relations, and runtime parity unverified.
sql:world.playercreateinfo_item	sql-table	c699217775d90794158422387b07a917e161b582:sql/base/dev/world_database.sql#playercreateinfo_item	unassessed	-	-	-	-	-	-	Reference inventory only; AC schema, records, relations, and runtime parity unverified.
sql:world.playercreateinfo_skills	sql-table	c699217775d90794158422387b07a917e161b582:sql/base/dev/world_database.sql#playercreateinfo_skills	unassessed	-	-	-	-	-	-	Reference inventory only; AC schema, records, relations, and runtime parity unverified.
sql:world.playercreateinfo_spell_custom	sql-table	c699217775d90794158422387b07a917e161b582:sql/base/dev/world_database.sql#playercreateinfo_spell_custom	unassessed	-	-	-	-	-	-	Reference inventory only; AC schema, records, relations, and runtime parity unverified.
sql:world.points_of_interest	sql-table	c699217775d90794158422387b07a917e161b582:sql/base/dev/world_database.sql#points_of_interest	unassessed	-	-	-	-	-	-	Reference inventory only; AC schema, records, relations, and runtime parity unverified.
sql:world.points_of_interest_locale	sql-table	c699217775d90794158422387b07a917e161b582:sql/base/dev/world_database.sql#points_of_interest_locale	unassessed	-	-	-	-	-	-	Reference inventory only; AC schema, records, relations, and runtime parity unverified.
sql:world.pool_members	sql-table	c699217775d90794158422387b07a917e161b582:sql/base/dev/world_database.sql#pool_members	unassessed	-	-	-	-	-	-	Reference inventory only; AC schema, records, relations, and runtime parity unverified.
sql:world.pool_template	sql-table	c699217775d90794158422387b07a917e161b582:sql/base/dev/world_database.sql#pool_template	unassessed	-	-	-	-	-	-	Reference inventory only; AC schema, records, relations, and runtime parity unverified.
sql:world.prospecting_loot_template	sql-table	c699217775d90794158422387b07a917e161b582:sql/base/dev/world_database.sql#prospecting_loot_template	unassessed	-	-	-	-	-	-	Reference inventory only; AC schema, records, relations, and runtime parity unverified.
sql:world.quest_details	sql-table	c699217775d90794158422387b07a917e161b582:sql/base/dev/world_database.sql#quest_details	unassessed	-	-	-	-	-	-	Reference inventory only; AC schema, records, relations, and runtime parity unverified.
sql:world.quest_greeting	sql-table	c699217775d90794158422387b07a917e161b582:sql/base/dev/world_database.sql#quest_greeting	unassessed	-	-	-	-	-	-	Reference inventory only; AC schema, records, relations, and runtime parity unverified.
sql:world.quest_greeting_locale	sql-table	c699217775d90794158422387b07a917e161b582:sql/base/dev/world_database.sql#quest_greeting_locale	unassessed	-	-	-	-	-	-	Reference inventory only; AC schema, records, relations, and runtime parity unverified.
sql:world.quest_mail_sender	sql-table	c699217775d90794158422387b07a917e161b582:sql/base/dev/world_database.sql#quest_mail_sender	unassessed	-	-	-	-	-	-	Reference inventory only; AC schema, records, relations, and runtime parity unverified.
sql:world.quest_offer_reward	sql-table	c699217775d90794158422387b07a917e161b582:sql/base/dev/world_database.sql#quest_offer_reward	unassessed	-	-	-	-	-	-	Reference inventory only; AC schema, records, relations, and runtime parity unverified.
sql:world.quest_poi	sql-table	c699217775d90794158422387b07a917e161b582:sql/base/dev/world_database.sql#quest_poi	unassessed	-	-	-	-	-	-	Reference inventory only; AC schema, records, relations, and runtime parity unverified.
sql:world.quest_poi_points	sql-table	c699217775d90794158422387b07a917e161b582:sql/base/dev/world_database.sql#quest_poi_points	unassessed	-	-	-	-	-	-	Reference inventory only; AC schema, records, relations, and runtime parity unverified.
sql:world.quest_pool_members	sql-table	c699217775d90794158422387b07a917e161b582:sql/base/dev/world_database.sql#quest_pool_members	unassessed	-	-	-	-	-	-	Reference inventory only; AC schema, records, relations, and runtime parity unverified.
sql:world.quest_pool_template	sql-table	c699217775d90794158422387b07a917e161b582:sql/base/dev/world_database.sql#quest_pool_template	unassessed	-	-	-	-	-	-	Reference inventory only; AC schema, records, relations, and runtime parity unverified.
sql:world.quest_request_items	sql-table	c699217775d90794158422387b07a917e161b582:sql/base/dev/world_database.sql#quest_request_items	unassessed	-	-	-	-	-	-	Reference inventory only; AC schema, records, relations, and runtime parity unverified.
sql:world.quest_template	sql-table	c699217775d90794158422387b07a917e161b582:sql/base/dev/world_database.sql#quest_template	unassessed	-	-	-	-	-	-	Reference inventory only; AC schema, records, relations, and runtime parity unverified.
sql:world.quest_template_addon	sql-table	c699217775d90794158422387b07a917e161b582:sql/base/dev/world_database.sql#quest_template_addon	unassessed	-	-	-	-	-	-	Reference inventory only; AC schema, records, relations, and runtime parity unverified.
sql:world.quest_template_locale	sql-table	c699217775d90794158422387b07a917e161b582:sql/base/dev/world_database.sql#quest_template_locale	unassessed	-	-	-	-	-	-	Reference inventory only; AC schema, records, relations, and runtime parity unverified.
sql:world.reference_loot_template	sql-table	c699217775d90794158422387b07a917e161b582:sql/base/dev/world_database.sql#reference_loot_template	unassessed	-	-	-	-	-	-	Reference inventory only; AC schema, records, relations, and runtime parity unverified.
sql:world.reputation_reward_rate	sql-table	c699217775d90794158422387b07a917e161b582:sql/base/dev/world_database.sql#reputation_reward_rate	unassessed	-	-	-	-	-	-	Reference inventory only; AC schema, records, relations, and runtime parity unverified.
sql:world.reputation_spillover_template	sql-table	c699217775d90794158422387b07a917e161b582:sql/base/dev/world_database.sql#reputation_spillover_template	unassessed	-	-	-	-	-	-	Reference inventory only; AC schema, records, relations, and runtime parity unverified.
sql:world.script_spline_chain_meta	sql-table	c699217775d90794158422387b07a917e161b582:sql/base/dev/world_database.sql#script_spline_chain_meta	unassessed	-	-	-	-	-	-	Reference inventory only; AC schema, records, relations, and runtime parity unverified.
sql:world.script_spline_chain_waypoints	sql-table	c699217775d90794158422387b07a917e161b582:sql/base/dev/world_database.sql#script_spline_chain_waypoints	unassessed	-	-	-	-	-	-	Reference inventory only; AC schema, records, relations, and runtime parity unverified.
sql:world.script_waypoint	sql-table	c699217775d90794158422387b07a917e161b582:sql/base/dev/world_database.sql#script_waypoint	unassessed	-	-	-	-	-	-	Reference inventory only; AC schema, records, relations, and runtime parity unverified.
sql:world.skill_discovery_template	sql-table	c699217775d90794158422387b07a917e161b582:sql/base/dev/world_database.sql#skill_discovery_template	unassessed	-	-	-	-	-	-	Reference inventory only; AC schema, records, relations, and runtime parity unverified.
sql:world.skill_extra_item_template	sql-table	c699217775d90794158422387b07a917e161b582:sql/base/dev/world_database.sql#skill_extra_item_template	unassessed	-	-	-	-	-	-	Reference inventory only; AC schema, records, relations, and runtime parity unverified.
sql:world.skill_fishing_base_level	sql-table	c699217775d90794158422387b07a917e161b582:sql/base/dev/world_database.sql#skill_fishing_base_level	unassessed	-	-	-	-	-	-	Reference inventory only; AC schema, records, relations, and runtime parity unverified.
sql:world.skill_perfect_item_template	sql-table	c699217775d90794158422387b07a917e161b582:sql/base/dev/world_database.sql#skill_perfect_item_template	unassessed	-	-	-	-	-	-	Reference inventory only; AC schema, records, relations, and runtime parity unverified.
sql:world.skinning_loot_template	sql-table	c699217775d90794158422387b07a917e161b582:sql/base/dev/world_database.sql#skinning_loot_template	unassessed	-	-	-	-	-	-	Reference inventory only; AC schema, records, relations, and runtime parity unverified.
sql:world.smart_scripts	sql-table	c699217775d90794158422387b07a917e161b582:sql/base/dev/world_database.sql#smart_scripts	unassessed	-	-	-	-	-	-	Reference inventory only; AC schema, records, relations, and runtime parity unverified.
sql:world.spawn_group	sql-table	c699217775d90794158422387b07a917e161b582:sql/base/dev/world_database.sql#spawn_group	unassessed	-	-	-	-	-	-	Reference inventory only; AC schema, records, relations, and runtime parity unverified.
sql:world.spawn_group_template	sql-table	c699217775d90794158422387b07a917e161b582:sql/base/dev/world_database.sql#spawn_group_template	unassessed	-	-	-	-	-	-	Reference inventory only; AC schema, records, relations, and runtime parity unverified.
sql:world.spell_area	sql-table	c699217775d90794158422387b07a917e161b582:sql/base/dev/world_database.sql#spell_area	unassessed	-	-	-	-	-	-	Reference inventory only; AC schema, records, relations, and runtime parity unverified.
sql:world.spell_bonus_data	sql-table	c699217775d90794158422387b07a917e161b582:sql/base/dev/world_database.sql#spell_bonus_data	unassessed	-	-	-	-	-	-	Reference inventory only; AC schema, records, relations, and runtime parity unverified.
sql:world.spell_custom_attr	sql-table	c699217775d90794158422387b07a917e161b582:sql/base/dev/world_database.sql#spell_custom_attr	unassessed	-	-	-	-	-	-	Reference inventory only; AC schema, records, relations, and runtime parity unverified.
sql:world.spell_dbc	sql-table	c699217775d90794158422387b07a917e161b582:sql/base/dev/world_database.sql#spell_dbc	unassessed	-	-	-	-	-	-	Reference inventory only; AC schema, records, relations, and runtime parity unverified.
sql:world.spell_enchant_proc_data	sql-table	c699217775d90794158422387b07a917e161b582:sql/base/dev/world_database.sql#spell_enchant_proc_data	unassessed	-	-	-	-	-	-	Reference inventory only; AC schema, records, relations, and runtime parity unverified.
sql:world.spell_group	sql-table	c699217775d90794158422387b07a917e161b582:sql/base/dev/world_database.sql#spell_group	unassessed	-	-	-	-	-	-	Reference inventory only; AC schema, records, relations, and runtime parity unverified.
sql:world.spell_group_stack_rules	sql-table	c699217775d90794158422387b07a917e161b582:sql/base/dev/world_database.sql#spell_group_stack_rules	unassessed	-	-	-	-	-	-	Reference inventory only; AC schema, records, relations, and runtime parity unverified.
sql:world.spell_learn_spell	sql-table	c699217775d90794158422387b07a917e161b582:sql/base/dev/world_database.sql#spell_learn_spell	unassessed	-	-	-	-	-	-	Reference inventory only; AC schema, records, relations, and runtime parity unverified.
sql:world.spell_linked_spell	sql-table	c699217775d90794158422387b07a917e161b582:sql/base/dev/world_database.sql#spell_linked_spell	unassessed	-	-	-	-	-	-	Reference inventory only; AC schema, records, relations, and runtime parity unverified.
sql:world.spell_loot_template	sql-table	c699217775d90794158422387b07a917e161b582:sql/base/dev/world_database.sql#spell_loot_template	unassessed	-	-	-	-	-	-	Reference inventory only; AC schema, records, relations, and runtime parity unverified.
sql:world.spell_pet_auras	sql-table	c699217775d90794158422387b07a917e161b582:sql/base/dev/world_database.sql#spell_pet_auras	unassessed	-	-	-	-	-	-	Reference inventory only; AC schema, records, relations, and runtime parity unverified.
sql:world.spell_proc	sql-table	c699217775d90794158422387b07a917e161b582:sql/base/dev/world_database.sql#spell_proc	unassessed	-	-	-	-	-	-	Reference inventory only; AC schema, records, relations, and runtime parity unverified.
sql:world.spell_proc_event	sql-table	c699217775d90794158422387b07a917e161b582:sql/base/dev/world_database.sql#spell_proc_event	unassessed	-	-	-	-	-	-	Reference inventory only; AC schema, records, relations, and runtime parity unverified.
sql:world.spell_ranks	sql-table	c699217775d90794158422387b07a917e161b582:sql/base/dev/world_database.sql#spell_ranks	unassessed	-	-	-	-	-	-	Reference inventory only; AC schema, records, relations, and runtime parity unverified.
sql:world.spell_required	sql-table	c699217775d90794158422387b07a917e161b582:sql/base/dev/world_database.sql#spell_required	unassessed	-	-	-	-	-	-	Reference inventory only; AC schema, records, relations, and runtime parity unverified.
sql:world.spell_script_names	sql-table	c699217775d90794158422387b07a917e161b582:sql/base/dev/world_database.sql#spell_script_names	unassessed	-	-	-	-	-	-	Reference inventory only; AC schema, records, relations, and runtime parity unverified.
sql:world.spell_scripts	sql-table	c699217775d90794158422387b07a917e161b582:sql/base/dev/world_database.sql#spell_scripts	unassessed	-	-	-	-	-	-	Reference inventory only; AC schema, records, relations, and runtime parity unverified.
sql:world.spell_target_position	sql-table	c699217775d90794158422387b07a917e161b582:sql/base/dev/world_database.sql#spell_target_position	unassessed	-	-	-	-	-	-	Reference inventory only; AC schema, records, relations, and runtime parity unverified.
sql:world.spell_threat	sql-table	c699217775d90794158422387b07a917e161b582:sql/base/dev/world_database.sql#spell_threat	unassessed	-	-	-	-	-	-	Reference inventory only; AC schema, records, relations, and runtime parity unverified.
sql:world.spelldifficulty_dbc	sql-table	c699217775d90794158422387b07a917e161b582:sql/base/dev/world_database.sql#spelldifficulty_dbc	unassessed	-	-	-	-	-	-	Reference inventory only; AC schema, records, relations, and runtime parity unverified.
sql:world.spelleffect_dbc	sql-table	c699217775d90794158422387b07a917e161b582:sql/base/dev/world_database.sql#spelleffect_dbc	unassessed	-	-	-	-	-	-	Reference inventory only; AC schema, records, relations, and runtime parity unverified.
sql:world.summon_properties_parameters	sql-table	c699217775d90794158422387b07a917e161b582:sql/base/dev/world_database.sql#summon_properties_parameters	unassessed	-	-	-	-	-	-	Reference inventory only; AC schema, records, relations, and runtime parity unverified.
sql:world.taxi_level_data	sql-table	c699217775d90794158422387b07a917e161b582:sql/base/dev/world_database.sql#taxi_level_data	unassessed	-	-	-	-	-	-	Reference inventory only; AC schema, records, relations, and runtime parity unverified.
sql:world.terrain_swap_defaults	sql-table	c699217775d90794158422387b07a917e161b582:sql/base/dev/world_database.sql#terrain_swap_defaults	unassessed	-	-	-	-	-	-	Reference inventory only; AC schema, records, relations, and runtime parity unverified.
sql:world.terrain_worldmap	sql-table	c699217775d90794158422387b07a917e161b582:sql/base/dev/world_database.sql#terrain_worldmap	unassessed	-	-	-	-	-	-	Reference inventory only; AC schema, records, relations, and runtime parity unverified.
sql:world.trainer	sql-table	c699217775d90794158422387b07a917e161b582:sql/base/dev/world_database.sql#trainer	unassessed	-	-	-	-	-	-	Reference inventory only; AC schema, records, relations, and runtime parity unverified.
sql:world.trainer_locale	sql-table	c699217775d90794158422387b07a917e161b582:sql/base/dev/world_database.sql#trainer_locale	unassessed	-	-	-	-	-	-	Reference inventory only; AC schema, records, relations, and runtime parity unverified.
sql:world.trainer_spell	sql-table	c699217775d90794158422387b07a917e161b582:sql/base/dev/world_database.sql#trainer_spell	unassessed	-	-	-	-	-	-	Reference inventory only; AC schema, records, relations, and runtime parity unverified.
sql:world.transports	sql-table	c699217775d90794158422387b07a917e161b582:sql/base/dev/world_database.sql#transports	unassessed	-	-	-	-	-	-	Reference inventory only; AC schema, records, relations, and runtime parity unverified.
sql:world.trinity_string	sql-table	c699217775d90794158422387b07a917e161b582:sql/base/dev/world_database.sql#trinity_string	unassessed	-	-	-	-	-	-	Reference inventory only; AC schema, records, relations, and runtime parity unverified.
sql:world.updates	sql-table	c699217775d90794158422387b07a917e161b582:sql/base/dev/world_database.sql#updates	unassessed	-	-	-	-	-	-	Reference inventory only; AC schema, records, relations, and runtime parity unverified.
sql:world.updates_include	sql-table	c699217775d90794158422387b07a917e161b582:sql/base/dev/world_database.sql#updates_include	unassessed	-	-	-	-	-	-	Reference inventory only; AC schema, records, relations, and runtime parity unverified.
sql:world.vehicle_accessory	sql-table	c699217775d90794158422387b07a917e161b582:sql/base/dev/world_database.sql#vehicle_accessory	unassessed	-	-	-	-	-	-	Reference inventory only; AC schema, records, relations, and runtime parity unverified.
sql:world.vehicle_seat_addon	sql-table	c699217775d90794158422387b07a917e161b582:sql/base/dev/world_database.sql#vehicle_seat_addon	unassessed	-	-	-	-	-	-	Reference inventory only; AC schema, records, relations, and runtime parity unverified.
sql:world.vehicle_template_accessory	sql-table	c699217775d90794158422387b07a917e161b582:sql/base/dev/world_database.sql#vehicle_template_accessory	unassessed	-	-	-	-	-	-	Reference inventory only; AC schema, records, relations, and runtime parity unverified.
sql:world.version	sql-table	c699217775d90794158422387b07a917e161b582:sql/base/dev/world_database.sql#version	unassessed	-	-	-	-	-	-	Reference inventory only; AC schema, records, relations, and runtime parity unverified.
sql:world.warden_checks	sql-table	c699217775d90794158422387b07a917e161b582:sql/base/dev/world_database.sql#warden_checks	unassessed	-	-	-	-	-	-	Reference inventory only; AC schema, records, relations, and runtime parity unverified.
sql:world.waypoint_data	sql-table	c699217775d90794158422387b07a917e161b582:sql/base/dev/world_database.sql#waypoint_data	unassessed	-	-	-	-	-	-	Reference inventory only; AC schema, records, relations, and runtime parity unverified.
sql:world.waypoint_data_addon	sql-table	c699217775d90794158422387b07a917e161b582:sql/base/dev/world_database.sql#waypoint_data_addon	unassessed	-	-	-	-	-	-	Reference inventory only; AC schema, records, relations, and runtime parity unverified.
sql:world.waypoint_scripts	sql-table	c699217775d90794158422387b07a917e161b582:sql/base/dev/world_database.sql#waypoint_scripts	unassessed	-	-	-	-	-	-	Reference inventory only; AC schema, records, relations, and runtime parity unverified.
sql:world.waypoints	sql-table	c699217775d90794158422387b07a917e161b582:sql/base/dev/world_database.sql#waypoints	unassessed	-	-	-	-	-	-	Reference inventory only; AC schema, records, relations, and runtime parity unverified.
sql:world.world_map_template	sql-table	c699217775d90794158422387b07a917e161b582:sql/base/dev/world_database.sql#world_map_template	unassessed	-	-	-	-	-	-	Reference inventory only; AC schema, records, relations, and runtime parity unverified.
sql:world.world_states	sql-table	c699217775d90794158422387b07a917e161b582:sql/base/dev/world_database.sql#world_states	unassessed	-	-	-	-	-	-	Reference inventory only; AC schema, records, relations, and runtime parity unverified.
